nta_code,nta_name,borough,noise_complaints,crime_count,park_count,total_acres,station_count,total_bikes,subway_stations,subway_lines,census_median_rent,median_income,total_population,median_age,college_rate,noise_score,safety_score,parks_score,transit_score,composite_score,cluster,cluster_label,predicted_rent,rent_score,combined_transit,transit_plus_score,enhanced_composite,centroid_lat,centroid_lon
MN0303,East Village,Manhattan,94,332,49,24.238999999999997,39.0,1194.0,2.0,2.0,2145.5,79988.5,69294,34.7,0.4,0.588495575221239,0.7058242843040474,0.9999999999999999,0.6964285714285714,0.7329783219536667,1,Quiet & Green,3413.075,0.544158972300281,45.0,0.5,0.6828343919317555,40.725959077867394,-73.98208993940335
BK0601,Carroll Gardens-Cobble Hill-Gowanus-Red Hook,Brooklyn,43,320,28,86.53099999999998,56.0,1338.0,3.0,1.0,2659.0,150854.0,61436,37.7,0.4,0.8141592920353983,0.717670286278381,0.5624999999999999,1.0,0.7813409088923639,1,Quiet & Green,2902.045,0.33801686069851455,65.0,0.7222222222222222,0.6434025535412816,40.67812206558148,-74.00006521439433
QN0203,Woodside,Queens,30,174,15,10.217,34.0,287.0,4.0,2.0,1836.5,71213.0,49495,38.8,0.2,0.8716814159292036,0.861796643632774,0.2916666666666667,0.6071428571428571,0.6865783946911808,1,Quiet & Green,2326.583333333333,0.6682055399437976,46.0,0.5111111111111112,0.6262565252358143,40.743104529076206,-73.90141002214548
BK0103,South Williamsburg,Brooklyn,11,106,17,12.177999999999997,11.0,235.0,3.0,3.0,1556.0,34712.0,46364,16.9,0.1,0.9557522123893806,0.928923988153998,0.3333333333333333,0.19642857142857142,0.6333890590673541,0,Safe & Quiet & Car-Dependent,2894.775,0.7808109193095142,20.0,0.22222222222222224,0.6190758690759508,40.703241980755315,-73.95665885781327
BK1601,Ocean Hill,Brooklyn,44,381,22,15.795,27.0,214.0,4.0,3.0,1364.5,55905.0,40131,33.6,0.2,0.8097345132743363,0.6574531095755183,0.4375,0.4821428571428571,0.6077052754769539,1,Quiet & Green,2804.52,0.8576876756322762,39.0,0.43333333333333335,0.6150033811741692,40.676637410870775,-73.91364735052042
BK0502,East New York (North),Brooklyn,20,441,34,10.971000000000002,0.0,0.0,6.0,3.0,1589.0,59412.0,44062,34.2,0.1,0.915929203539823,0.59822309970385,0.6874999999999999,0.0,0.5459492307961107,0,Safe & Quiet & Car-Dependent,2620.7701423960916,0.76756322761943,18.0,0.2,0.6137358227149295,40.67248467474861,-73.88948369050763
BX0202,Longwood,Bronx,32,383,20,20.298000000000002,16.0,99.0,6.0,2.0,1201.0,36402.0,41452,34.0,0.1,0.8628318584070797,0.6554787759131293,0.3958333333333333,0.2857142857142857,0.5629468354709468,1,Quiet & Green,2540.5847575694415,0.9233239662786029,34.0,0.37777777777777777,0.6121664379337309,40.82096805520048,-73.89655962600538
BK0302,Bedford-Stuyvesant (East),Brooklyn,80,623,38,30.61999999999999,39.0,163.0,3.0,3.0,1748.0,67926.0,92641,35.0,0.2,0.6504424778761062,0.41855873642645613,0.7708333333333333,0.6964285714285714,0.6164520499207728,1,Quiet & Green,2822.678529411765,0.7037334403853873,48.0,0.5333333333333333,0.6093475840893277,40.68662136129166,-73.93179230147457
BK1001,Bay Ridge,Brooklyn,61,346,15,120.619,51.0,572.0,4.0,1.0,1797.5,86314.5,84567,42.0,0.3,0.7345132743362832,0.6920039486673248,0.2916666666666667,0.9107142857142857,0.677241407946173,1,Quiet & Green,2868.475,0.6838619028502609,63.0,0.7000000000000001,0.608115876848215,40.62667181272046,-74.02992714312909
BK1602,Brownsville,Brooklyn,40,567,34,33.33,1.0,8.0,7.0,2.0,1180.5,33737.5,54529,35.8,0.1,0.8274336283185841,0.47384007897334657,0.6874999999999999,0.017857142857142856,0.4909747164859357,1,Quiet & Green,2742.0173940487352,0.9315535929345644,22.0,0.24444444444444446,0.6048186871894438,40.664046935415385,-73.9095222949274
BK0702,Sunset Park (West),Brooklyn,43,366,13,8.961,42.0,573.0,6.0,3.0,1737.5,76547.0,51321,35.0,0.2,0.8141592920353983,0.6722606120434353,0.24999999999999997,0.75,0.6427180066218802,1,Quiet & Green,3115.54,0.7079486150140506,60.0,0.6666666666666667,0.6048049661347018,40.65347082402641,-74.01011361017838
BX0101,Mott Haven-Port Morris,Bronx,80,585,22,54.00800000000001,33.0,188.0,7.0,4.0,1010.0,27378.0,57515,32.4,0.1,0.6504424778761062,0.45607107601184604,0.4375,0.5892857142857143,0.5342533708440089,1,Quiet & Green,2582.425,1.0,54.0,0.6,0.6000402827403052,40.80752466070044,-73.91724293973239
QN0501,Maspeth,Queens,11,135,17,11.433999999999997,25.0,305.0,0.0,0.0,1985.0,89844.0,43574,39.9,0.2,0.9557522123893806,0.9002961500493584,0.3333333333333333,0.4464285714285714,0.6873007076359621,1,Quiet & Green,2379.9933333333333,0.6085909273384182,25.0,0.2777777777777778,0.5991669681194879,40.72306177256048,-73.90512129442645
SI0304,Annadale-Huguenot-Prince's Bay-Woodrow,Staten Island,5,90,21,822.1009999999998,0.0,0.0,4.0,1.0,2082.0,117218.0,42756,40.5,0.2,0.9823008849557522,0.9447186574531096,0.4166666666666667,0.0,0.6123241518082042,0,Safe & Quiet & Car-Dependent,2620.3210323461367,0.569650742673625,12.0,0.13333333333333333,0.5952665419994299,40.528391676985734,-74.19804140128441
BX0301,Morrisania,Bronx,23,343,25,12.754999999999997,11.0,38.0,0.0,0.0,1237.0,34055.0,35453,34.1,0.1,0.9026548672566372,0.6949654491609082,0.49999999999999994,0.19642857142857142,0.5832604944195746,1,Quiet & Green,2550.1992227068804,0.9088719389803291,11.0,0.12222222222222223,0.5935899546575328,40.82729462006743,-73.90474179455428
QN0101,Astoria (North)-Ditmars-Steinway,Queens,35,167,13,11.530000000000003,38.0,479.0,2.0,1.0,2117.0,97482.5,48793,35.7,0.3,0.8495575221238938,0.8687068114511353,0.24999999999999997,0.6785714285714285,0.6926442811091711,1,Quiet & Green,2345.785,0.555600160578081,44.0,0.48888888888888893,0.5924314321438183,40.777408649550694,-73.90525697315958
BK0104,East Williamsburg,Brooklyn,51,368,19,18.192,38.0,675.0,6.0,3.0,2154.0,72803.0,52600,33.2,0.3,0.7787610619469026,0.6702862783810464,0.375,0.6785714285714285,0.6404190061438967,1,Quiet & Green,2926.64,0.5407466880770775,56.0,0.6222222222222222,0.5918908644947232,40.71329975935244,-73.93648763829707
BX0501,University Heights (South)-Morris Heights,Bronx,32,298,17,22.77,21.0,95.0,2.0,1.0,1327.0,33901.5,55671,34.4,0.1,0.8628318584070797,0.7393879565646595,0.3333333333333333,0.375,0.5979410182378344,1,Quiet & Green,2555.6153129588624,0.8727418707346447,27.0,0.3,0.5915530322343628,40.85185212560472,-73.9161233013283
BK0301,Bedford-Stuyvesant (West),Brooklyn,94,539,34,28.612000000000002,35.0,138.0,6.0,4.0,2117.0,80000.0,89800,31.9,0.3,0.588495575221239,0.5014807502467917,0.6874999999999999,0.625,0.5913181188793473,1,Quiet & Green,2945.4235294117652,0.555600160578081,53.0,0.5888888888888889,0.5872755482363848,40.688956894289454,-73.95100175939116
BX0602,Tremont,Bronx,27,315,22,32.135,13.0,41.0,0.0,0.0,1263.0,25469.0,32561,30.6,0.1,0.8849557522123894,0.7226061204343535,0.4375,0.23214285714285712,0.5835564884691177,1,Quiet & Green,2596.2236349091,0.8984343637093536,13.0,0.14444444444444446,0.5854333142279686,40.8469229769057,-73.89175591249236
BX0601,West Farms,Bronx,12,186,11,13.54,10.0,72.0,3.0,1.0,1334.0,26524.0,18526,31.3,0.1,0.9513274336283186,0.8499506416584403,0.20833333333333331,0.17857142857142855,0.5791265747141354,0,Safe & Quiet & Car-Dependent,2689.942661981069,0.8699317543155359,19.0,0.2111111111111111,0.5830789534763957,40.84125956675343,-73.8786281692341
QN1403,Breezy Point-Belle Harbor-Rockaway Park-Broad Channel,Queens,14,76,15,74.72699999999999,0.0,0.0,3.0,1.0,1708.5,110750.0,21470,45.6,0.2,0.9424778761061947,0.9585389930898321,0.2916666666666667,0.0,0.5815145002868316,0,Safe & Quiet & Car-Dependent,2344.701238390093,0.7195905258932156,9.0,0.1,0.5775465083961938,40.578181526239256,-73.86054055142482
QN0502,Ridgewood,Queens,67,247,8,17.284000000000002,44.0,287.0,5.0,2.0,1866.5,79731.0,69057,36.0,0.2,0.7079646017699115,0.7897334649555775,0.14583333333333331,0.7857142857142857,0.6395064280243892,1,Quiet & Green,2512.9183333333335,0.6561621838619028,59.0,0.6555555555555556,0.5773632070769854,40.70567300334716,-73.90368884676867
MN1101,East Harlem (South),Manhattan,25,450,21,12.205999999999998,16.0,206.0,3.0,2.0,1345.0,42261.0,58525,37.9,0.2,0.8938053097345133,0.5893385982230996,0.4166666666666667,0.2857142857142857,0.555014811662463,1,Quiet & Green,3536.365,0.8655158570855078,25.0,0.2777777777777778,0.5773112703685649,40.79000988428943,-73.94575044826631
MN0302,Lower East Side,Manhattan,69,442,21,84.174,22.0,688.0,4.0,4.0,1166.5,65099.5,45800,42.6,0.3,0.6991150442477876,0.5972359328726555,0.4166666666666667,0.39285714285714285,0.5354971599713626,1,Quiet & Green,3304.505,0.937173825772782,34.0,0.37777777777777777,0.5767531315069477,40.71695622042081,-73.9838372958163
QN1402,Rockaway Beach-Arverne-Edgemere,Queens,39,252,18,104.46253289999999,0.0,0.0,5.0,2.0,1246.0,67038.0,43865,36.4,0.2,0.831858407079646,0.7847976307996052,0.3541666666666667,0.0,0.5142372243431264,0,Safe & Quiet & Car-Dependent,2425.056755668313,0.9052589321557607,15.0,0.16666666666666669,0.5763038318736136,40.59156761661383,-73.79630681851944
MN1102,East Harlem (North),Manhattan,78,757,36,61.95199999999999,26.0,281.0,2.0,2.0,1048.0,36577.0,64572,36.0,0.2,0.6592920353982301,0.2862783810463969,0.7291666666666666,0.46428571428571425,0.5126112850682385,1,Quiet & Green,2694.455,0.9847450822962666,32.0,0.35555555555555557,0.5752961281018842,40.80161252216069,-73.9374377253633
QN0302,East Elmhurst,Queens,25,147,13,13.227,26.0,167.0,0.0,0.0,1892.5,71448.5,26143,39.7,0.1,0.8938053097345133,0.8884501480750246,0.24999999999999997,0.46428571428571425,0.6560578004275643,1,Quiet & Green,2379.3485714285716,0.6457246085909273,26.0,0.2888888888888889,0.5742582351729125,40.76407507142197,-73.87220301153103
QN0202,Sunnyside,Queens,48,223,8,2.065,35.0,236.0,4.0,1.0,1827.0,77188.0,48959,38.7,0.3,0.7920353982300885,0.8134254689042448,0.14583333333333331,0.625,0.6274531568954622,1,Quiet & Green,2592.315476190476,0.672019269369731,47.0,0.5222222222222223,0.5707534208013649,40.738417859354634,-73.92644449333002
SI0203,Todt Hill-Emerson Hill-Lighthouse Hill-Manor Heights,Staten Island,4,97,14,1930.6361357099997,0.0,0.0,0.0,0.0,1445.5,100942.0,31338,42.3,0.2,0.9867256637168141,0.9378084896347483,0.2708333333333333,0.0,0.5821906294862947,0,Safe & Quiet & Car-Dependent,2591.7613473381625,0.8251706142111601,0.0,0.0,0.5699957459870119,40.58965440261836,-74.1282657492004
MN0301,Chinatown-Two Bridges,Manhattan,27,290,14,12.337,17.0,643.0,1.0,1.0,1260.0,28607.0,40100,46.0,0.2,0.8849557522123894,0.7472852912142152,0.2708333333333333,0.30357142857142855,0.5754840492268857,1,Quiet & Green,3653.035,0.8996386993175431,20.0,0.22222222222222224,0.5698211599185444,40.71285842591675,-73.99366352071253
BX0803,Riverdale-Spuyten Duyvil,Bronx,22,142,18,127.209,16.0,0.0,0.0,0.0,2021.0,110513.0,45398,47.5,0.3,0.9070796460176991,0.8933859822309971,0.3541666666666667,0.2857142857142857,0.6370476109356286,0,Safe & Quiet & Car-Dependent,2577.4454092608426,0.5941389000401445,16.0,0.17777777777777778,0.5695095318244713,40.895717416844576,-73.90878510033072
BK1302,Coney Island-Sea Gate,Brooklyn,21,369,19,94.384,0.0,0.0,3.0,3.0,1039.0,37183.0,48551,50.4,0.2,0.911504424778761,0.6692991115498519,0.375,0.0,0.5036658396596458,0,Safe & Quiet & Car-Dependent,2685.794652115761,0.988358089120835,9.0,0.1,0.5678203143692696,40.576965246962516,-73.98796588377168
BK0902,Prospect Lefferts Gardens-Wingate,Brooklyn,40,264,7,12.054999999999998,32.0,388.0,4.0,3.0,1663.0,70088.5,47387,37.0,0.2,0.8274336283185841,0.7729516288252715,0.12499999999999999,0.5714285714285714,0.6066010385843703,1,Quiet & Green,2599.77,0.7378562826174226,44.0,0.48888888888888893,0.5659714093870738,40.65975724490009,-73.94796185705357
SI0305,Tottenville-Charleston,Staten Island,7,75,7,434.408,0.0,0.0,3.0,1.0,1410.0,129904.0,15203,43.3,0.2,0.9734513274336283,0.9595261599210266,0.12499999999999999,0.0,0.556220679834715,0,Safe & Quiet & Car-Dependent,2602.413425890093,0.839421918908069,9.0,0.1,0.5629802819568892,40.52464910467712,-74.23548228200706
BX0102,Melrose,Bronx,40,534,20,9.980999999999998,20.0,94.0,3.0,1.0,1178.0,32055.5,42760,30.2,0.1,0.8274336283185841,0.5064165844027642,0.3958333333333333,0.3571428571428571,0.5272357633528562,1,Quiet & Green,2571.84563825126,0.9325572059413889,29.0,0.32222222222222224,0.5621638381127172,40.81825954589293,-73.91285012508268
BX0402,Highbridge,Bronx,43,188,15,55.018,10.0,33.0,0.0,0.0,1225.0,38663.0,32025,34.1,0.1,0.8141592920353983,0.8479763079960514,0.2916666666666667,0.17857142857142855,0.5609089058838554,0,Safe & Quiet & Car-Dependent,2612.8390580802,0.913689281413087,10.0,0.11111111111111112,0.5616846303152437,40.836858087298026,-73.92776239886054
BK0201,Brooklyn Heights,Brooklyn,15,73,18,29.561,12.0,302.0,3.0,3.0,2696.0,174914.0,25277,36.6,0.4,0.9380530973451328,0.9615004935834156,0.3541666666666667,0.21428571428571427,0.6473681843160698,0,Safe & Quiet & Car-Dependent,2958.99,0.3231633881975109,21.0,0.23333333333333334,0.5616458410067686,40.69546550215166,-73.99483016824645
BK0102,Williamsburg,Brooklyn,92,350,30,81.31300000000002,37.0,1219.0,3.0,2.0,2657.0,126358.0,64311,32.6,0.4,0.5973451327433629,0.6880552813425469,0.6041666666666666,0.6607142857142857,0.6417647723505095,1,Quiet & Green,2918.715,0.33881975110397433,46.0,0.5111111111111112,0.5611200262325395,40.71491433568764,-73.95862095293559
BK0701,Windsor Terrace-South Slope,Brooklyn,7,55,12,8.408,14.0,167.0,2.0,1.0,2460.0,134209.5,26359,39.4,0.4,0.9734513274336283,0.9792694965449161,0.22916666666666666,0.25,0.6454770141552153,0,Safe & Quiet & Car-Dependent,2782.1332591093114,0.4179044560417503,20.0,0.22222222222222224,0.5549434188064194,40.656044567885395,-73.98002503454912
BK0402,Bushwick (East),Brooklyn,59,375,13,13.923,30.0,173.0,7.0,4.0,1959.0,63141.0,60220,33.8,0.2,0.7433628318584071,0.6633761105626851,0.24999999999999997,0.5357142857142857,0.5687821125619787,1,Quiet & Green,2754.196566666666,0.6190285026093938,51.0,0.5666666666666667,0.5547689961163798,40.69124488953674,-73.91296594157207
BX0303,Crotona Park East,Bronx,42,286,13,27.079,14.0,68.0,2.0,1.0,1329.0,39776.0,29474,34.6,0.1,0.8185840707964602,0.7512339585389931,0.24999999999999997,0.25,0.542516205260813,0,Safe & Quiet & Car-Dependent,2570.332851158448,0.871938980329185,20.0,0.22222222222222224,0.5497963395602079,40.83213871686745,-73.88869728021236
SI0201,Grasmere-Arrochar-South Beach-Dongan Hills,Staten Island,7,157,9,163.398,0.0,0.0,3.0,1.0,1526.0,76997.0,36080,42.4,0.2,0.9734513274336283,0.87857847976308,0.16666666666666666,0.0,0.5402697091206644,0,Safe & Quiet & Car-Dependent,2508.021889867391,0.7928542753914091,9.0,0.1,0.5477699791279754,40.59353983509585,-74.08127336194507
BK0203,Fort Greene,Brooklyn,44,206,15,50.56399999999999,23.0,644.0,5.0,4.0,2562.5,121310.0,34036,35.2,0.3,0.8097345132743363,0.8302073050345509,0.2916666666666667,0.4107142857142857,0.612507724590854,1,Quiet & Green,3328.385,0.37675632276194304,38.0,0.4222222222222222,0.5448834901334955,40.69116938910556,-73.97436137362689
BX0502,Mount Hope,Bronx,57,412,20,9.099,17.0,89.0,2.0,1.0,1454.0,42422.0,48070,33.6,0.1,0.752212389380531,0.6268509378084897,0.3958333333333333,0.30357142857142855,0.5311679024972035,1,Quiet & Green,2584.077719881385,0.8217583299879566,23.0,0.2555555555555556,0.5438330747934457,40.8498652287622,-73.90441684722194
QN0104,Astoria (East)-Woodside (North),Queens,46,199,8,8.642,30.0,177.0,2.0,1.0,1996.0,81646.5,37239,35.8,0.3,0.8008849557522124,0.8371174728529122,0.14583333333333331,0.5357142857142857,0.6144517188891648,1,Quiet & Green,2592.8821619047617,0.6041750301083901,36.0,0.4,0.5404930572459641,40.75955812859655,-73.91031297254318
BX1001,Westchester Square,Bronx,7,123,5,3.941,0.0,0.0,3.0,1.0,1474.0,53651.0,15793,38.9,0.1,0.9734513274336283,0.912142152023692,0.08333333333333333,0.0,0.5336721441321813,0,Safe & Quiet & Car-Dependent,2496.254003533059,0.8137294259333601,9.0,0.1,0.5391185929399359,40.83768604581781,-73.84593962954594
BK1402,Flatbush (West)-Ditmas Park-Parkville,Brooklyn,25,119,3,1.655,9.0,177.0,5.0,3.0,1709.0,81071.0,41597,38.6,0.2,0.8938053097345133,0.9160908193484699,0.04166666666666667,0.1607142857142857,0.5467904780000741,0,Safe & Quiet & Car-Dependent,2824.6459109311745,0.7193898032918506,24.0,0.26666666666666666,0.5385834065026534,40.636526757953966,-73.96618978185829
BX0403,Mount Eden-Claremont (West),Bronx,42,452,17,12.161000000000001,15.0,75.0,3.0,2.0,1437.5,46934.5,53166,31.4,0.1,0.8185840707964602,0.5873642645607108,0.3333333333333333,0.26785714285714285,0.5144862494482807,1,Quiet & Green,2541.3782672876187,0.8283821758329988,24.0,0.26666666666666666,0.5361559306550023,40.84047982657988,-73.91442828762287
QN1002,Ozone Park,Queens,17,121,9,20.653,0.0,0.0,4.0,1.0,1850.5,76523.5,24360,39.1,0.2,0.9292035398230089,0.914116485686081,0.16666666666666666,0.0,0.5398691639949098,0,Safe & Quiet & Car-Dependent,2422.072971211003,0.6625853071055801,12.0,0.13333333333333333,0.5354167267515831,40.67557060336789,-73.84701411498177
BX0703,Norwood,Bronx,21,270,4,101.46600000000001,19.0,61.0,3.0,2.0,1540.0,45500.5,39659,35.3,0.1,0.911504424778761,0.7670286278381047,0.0625,0.33928571428571425,0.5553061231175502,0,Safe & Quiet & Car-Dependent,2664.9354511916567,0.7872340425531914,28.0,0.3111111111111111,0.5337216454119832,40.87714089407225,-73.87901910099414
SI0302,Great Kills-Eltingville,Staten Island,15,100,9,60.733000000000004,0.0,0.0,2.0,1.0,1745.0,126114.0,56351,41.8,0.2,0.9380530973451328,0.9348469891411648,0.16666666666666666,0.0,0.548300704411966,0,Safe & Quiet & Car-Dependent,2416.9301083151277,0.7049377759935769,6.0,0.06666666666666667,0.5332565615322168,40.55025395357899,-74.15497152906417
QN0402,Corona,Queens,43,284,11,7.808,25.0,371.0,1.0,1.0,1811.0,65112.0,70680,35.8,0.1,0.8141592920353983,0.7532082922013821,0.20833333333333331,0.4464285714285714,0.5827761201930737,1,Quiet & Green,2552.11,0.6784423926134082,28.0,0.3111111111111111,0.5303819668537981,40.74324097664266,-73.85928416154198
SI0103,Rosebank-Shore Acres-Park Hill,Staten Island,11,111,9,37.939,0.0,0.0,1.0,1.0,1691.0,76557.0,23705,44.5,0.2,0.9557522123893806,0.9239881539980257,0.16666666666666666,0.0,0.5494678326300861,0,Safe & Quiet & Car-Dependent,2550.1555309447635,0.7266158169409875,3.0,0.03333333333333333,0.529971831317469,40.61168565055444,-74.07276912356546
SI0202,New Dorp-Midland Beach,Staten Island,3,128,5,16.987000000000002,0.0,0.0,3.0,1.0,1662.5,90464.5,28551,40.8,0.2,0.9911504424778761,0.9072063178677197,0.08333333333333333,0.0,0.5366161726464517,0,Safe & Quiet & Car-Dependent,2448.9830226165086,0.7380570052187876,9.0,0.1,0.5298676870264009,40.57431455797717,-74.10158639641928
BK0504,Spring Creek-Starrett City,Brooklyn,14,161,5,48.07899999999999,0.0,0.0,0.0,0.0,1041.0,45000.0,16808,45.5,0.1,0.9424778761061947,0.8746298124383021,0.08333333333333333,0.0,0.514675079424706,0,Safe & Quiet & Car-Dependent,2678.5582500403684,0.9875551987153753,0.0,0.0,0.5293645229095144,40.65100686708654,-73.87639160605441
BX0801,Kingsbridge Heights-Van Cortlandt Village,Bronx,39,146,8,10.581,11.0,71.0,0.0,0.0,1459.0,55762.5,34127,36.5,0.2,0.831858407079646,0.8894373149062191,0.14583333333333331,0.19642857142857142,0.5530696057655867,0,Safe & Quiet & Car-Dependent,2603.219498797396,0.8197511039743075,11.0,0.12222222222222223,0.5288039437054062,40.87768020020863,-73.89908200466478
BK1204,Mapleton-Midwood (West),Brooklyn,13,90,5,155.059,0.0,0.0,4.0,1.0,1828.0,76364.0,35527,31.9,0.2,0.9469026548672567,0.9447186574531096,0.08333333333333333,0.0,0.5368079276194138,0,Safe & Quiet & Car-Dependent,2632.19261826971,0.6716178241670012,12.0,0.13333333333333333,0.5275232561408405,40.61931855387499,-73.97331839118633
BX0702,Bedford Park,Bronx,61,265,5,23.917,25.0,94.0,4.0,2.0,1587.0,42037.0,54787,35.5,0.1,0.7345132743362832,0.771964461994077,0.08333333333333333,0.4464285714285714,0.5434914667061034,1,Quiet & Green,2545.9711984360415,0.7683661180248895,37.0,0.41111111111111115,0.5269105998340724,40.87356296045696,-73.89079069500542
SI0303,Arden Heights-Rossville,Staten Island,6,61,5,322.055,0.0,0.0,0.0,0.0,1568.0,100487.0,31559,40.2,0.2,0.9778761061946902,0.9733464955577492,0.08333333333333333,0.0,0.5531396418826641,0,Safe & Quiet & Car-Dependent,2589.1391611842105,0.7759935768767563,0.0,0.0,0.5257196313359291,40.552641565352076,-74.19690225854923
BX0802,Kingsbridge-Marble Hill,Bronx,26,226,3,5.872,14.0,178.0,4.0,1.0,1605.5,60754.0,23377,38.3,0.2,0.8893805309734513,0.8104639684106614,0.04166666666666667,0.25,0.5363176565998946,0,Safe & Quiet & Car-Dependent,2720.2570327356852,0.7609393817743878,26.0,0.2888888888888889,0.5256703647806138,40.88083988334912,-73.90572965381807
QN0201,Long Island City-Hunters Point,Queens,28,245,10,26.996000000000006,26.0,510.0,8.0,4.0,3045.0,154432.0,25452,33.7,0.4,0.8805309734513275,0.7917077986179665,0.18749999999999997,0.46428571428571425,0.6112165115196504,1,Quiet & Green,2424.21,0.18305901244480127,50.0,0.5555555555555556,0.5254773650061341,40.74537957396462,-73.94890857669729
SI0104,West New Brighton-Silver Lake-Grymes Hill,Staten Island,13,143,11,269.63899999999995,0.0,0.0,0.0,0.0,1681.0,106189.0,33220,36.3,0.2,0.9469026548672567,0.8923988153998026,0.20833333333333331,0.0,0.5461119750034216,0,Safe & Quiet & Car-Dependent,2555.782791321448,0.7306302689682858,0.0,0.0,0.5242814242759724,40.628066228186974,-74.10130485697299
QN0105,Queensbridge-Ravenswood-Dutch Kills,Queens,43,284,8,41.454,24.0,123.0,3.0,3.0,1881.0,76688.0,25694,34.8,0.2,0.8141592920353983,0.7532082922013821,0.14583333333333331,0.42857142857142855,0.5658118344787879,1,Quiet & Green,2508.84197680466,0.6503412284223203,33.0,0.3666666666666667,0.5240140144473571,40.75831865148467,-73.93793239600956
BX0201,Hunts Point,Bronx,14,297,8,20.663,7.0,35.0,0.0,0.0,1166.0,37725.5,14056,32.6,0.1,0.9424778761061947,0.7403751233958539,0.14583333333333331,0.125,0.5181486727119715,0,Safe & Quiet & Car-Dependent,2589.7545923521,0.9373745483741469,7.0,0.07777777777777778,0.5237875048801027,40.81086033383841,-73.88497729186926
MN1203,Inwood,Manhattan,32,183,4,37.06,13.0,185.0,3.0,2.0,1641.5,66720.0,40883,39.0,0.2,0.8628318584070797,0.8529121421520237,0.0625,0.23214285714285712,0.5421173215330912,0,Safe & Quiet & Car-Dependent,3353.793897243108,0.746487354476114,22.0,0.24444444444444446,0.5230762867359143,40.86604715035073,-73.9193240818796
MN0203,West Village,Manhattan,22,268,15,5.772000000000001,21.0,935.0,4.0,4.0,2814.0,146964.0,31798,39.7,0.5,0.9070796460176991,0.7690029615004936,0.2916666666666667,0.375,0.6095541332879062,1,Quiet & Green,3618.64,0.27579285427539135,33.0,0.3666666666666667,0.5215739159546031,40.734809606348094,-74.00589267481935
BK0401,Bushwick (West),Brooklyn,65,286,9,12.268,30.0,380.0,5.0,3.0,2197.0,89044.0,54804,31.1,0.3,0.7168141592920354,0.7512339585389931,0.16666666666666666,0.5357142857142857,0.5718356321466115,1,Quiet & Green,2731.65,0.5234845443596948,45.0,0.5,0.5211540345384325,40.700996033986435,-73.92527060338631
MN1002,Harlem (North),Manhattan,177,560,34,24.327999999999992,26.0,157.0,4.0,3.0,1443.0,67083.0,86108,37.4,0.2,0.22123893805309736,0.48075024679170786,0.6874999999999999,0.46428571428571425,0.45310623712221526,1,Quiet & Green,3403.415,0.8261742272179847,38.0,0.4222222222222222,0.5205280861153199,40.81892736671252,-73.94090769460834
BK0101,Greenpoint,Brooklyn,49,176,10,16.398000000000003,29.0,769.0,2.0,1.0,2502.0,130372.0,38260,35.1,0.4,0.7876106194690266,0.859822309970385,0.18749999999999997,0.5178571428571428,0.6218136335726578,1,Quiet & Green,3001.195,0.40104375752709753,35.0,0.3888888888888889,0.5197679388825297,40.72949961875473,-73.94951662764281
SI0301,Oakwood-Richmondtown,Staten Island,4,59,4,342.344,0.0,0.0,2.0,1.0,1872.0,123679.0,20664,46.2,0.2,0.9867256637168141,0.9753208292201382,0.0625,0.0,0.5517776646952449,0,Safe & Quiet & Car-Dependent,2542.8246875,0.6539542352468888,6.0,0.06666666666666667,0.519316003851157,40.56199832047086,-74.1225909011648
QN1103,Douglaston-Little Neck,Queens,5,60,13,158.194,0.0,0.0,0.0,0.0,2332.0,112195.5,25682,49.2,0.3,0.9823008849557522,0.9743336623889437,0.24999999999999997,0.0,0.5878753199556213,0,Safe & Quiet & Car-Dependent,2442.5032236842108,0.4692894419911682,0.0,0.0,0.5190609813162782,40.76368908696052,-73.73688787066149
BX1004,Co-op City,Bronx,4,134,2,14.135,0.0,0.0,0.0,0.0,1219.0,59107.0,36651,47.5,0.2,0.9867256637168141,0.9012833168805529,0.020833333333333332,0.0,0.521233077660036,0,Safe & Quiet & Car-Dependent,2532.3840863703244,0.916097952629466,0.0,0.0,0.5180993087438347,40.87231285516714,-73.82627288485313
BK1203,Kensington,Brooklyn,19,101,1,0.538,13.0,178.0,2.0,2.0,1833.5,76695.0,38201,36.4,0.3,0.9203539823008849,0.9338598223099703,0.0,0.23214285714285712,0.5682821565539267,0,Safe & Quiet & Car-Dependent,2813.6247975708498,0.6694098755519872,19.0,0.2111111111111111,0.5179688034995953,40.64113578244935,-73.97605165802162
SI0204,New Springville-Willowbrook-Bulls Head-Travis,Staten Island,15,148,11,848.0639999999999,0.0,0.0,0.0,0.0,1758.0,100479.0,43014,41.2,0.2,0.9380530973451328,0.8874629812438302,0.20833333333333331,0.0,0.5424188353760988,0,Safe & Quiet & Car-Dependent,2598.521584310866,0.6997189883580891,0.0,0.0,0.5169659283161466,40.60372456645142,-74.17545373411166
BX0603,Belmont,Bronx,25,318,9,4.011,12.0,112.0,0.0,0.0,1345.0,31769.0,36322,27.8,0.1,0.8938053097345133,0.71964461994077,0.16666666666666666,0.21428571428571427,0.5262494753206213,0,Safe & Quiet & Car-Dependent,2688.239193087913,0.8655158570855078,12.0,0.13333333333333333,0.5167008173686747,40.85760708654211,-73.8870526458385
SI0106,Port Richmond,Staten Island,7,151,9,28.307000000000002,0.0,0.0,0.0,0.0,1709.5,72194.5,20202,34.8,0.2,0.9734513274336283,0.8845014807502468,0.16666666666666666,0.0,0.5420466094168145,0,Safe & Quiet & Car-Dependent,2554.7412702255037,0.7191890806904857,0.0,0.0,0.5160232601400137,40.63383344064441,-74.13317719572152
BK1202,Borough Park,Brooklyn,16,162,4,2.3129999999999997,4.0,59.0,3.0,2.0,1687.0,56250.0,85592,20.0,0.1,0.9336283185840708,0.8736426456071076,0.0625,0.07142857142857142,0.5258570161852929,0,Safe & Quiet & Car-Dependent,2659.6326535786234,0.7282215977519069,13.0,0.14444444444444446,0.5156404968192602,40.632935654742475,-73.98954496743104
BK0204,Clinton Hill,Brooklyn,12,121,9,7.562999999999999,9.0,166.0,3.0,2.0,2528.0,123107.0,27123,33.6,0.4,0.9513274336283186,0.914116485686081,0.16666666666666666,0.1607142857142857,0.5855787088748087,0,Safe & Quiet & Car-Dependent,2838.744449585502,0.390606182256122,18.0,0.2,0.5132688255757868,40.6889986379508,-73.96446222319265
BK1501,Gravesend (East)-Homecrest,Brooklyn,43,160,9,10.085999999999999,0.0,0.0,3.0,2.0,1618.0,69055.0,50129,36.4,0.2,0.8141592920353983,0.8756169792694966,0.16666666666666666,0.0,0.4995582501230319,0,Safe & Quiet & Car-Dependent,2690.359616569795,0.755921316740265,9.0,0.1,0.5129059388500341,40.599082155854944,-73.96586908535282
MN1001,Harlem (South),Manhattan,80,381,15,2.012,13.0,196.0,5.0,2.0,1592.0,72935.5,49776,36.9,0.3,0.6504424778761062,0.6574531095755183,0.2916666666666667,0.23214285714285712,0.4762155999607297,1,Quiet & Green,3577.945,0.7663588920112404,28.0,0.3111111111111111,0.512200941703777,40.80433187234827,-73.9513003999754
MN0703,Upper West Side-Manhattan Valley,Manhattan,25,222,9,6.853000000000001,12.0,126.0,2.0,1.0,2013.0,124547.5,53065,39.4,0.3,0.8938053097345133,0.8144126357354393,0.16666666666666666,0.21428571428571427,0.554679880059022,0,Safe & Quiet & Car-Dependent,3321.166220133935,0.5973504616619831,18.0,0.2,0.5119916381966398,40.79924670412151,-73.96730625605137
BK1101,Bensonhurst,Brooklyn,36,303,5,6.744000000000001,0.0,0.0,9.0,2.0,1628.5,62377.5,96647,40.4,0.2,0.8451327433628318,0.7344521224086871,0.08333333333333333,0.0,0.44828548922998074,0,Safe & Quiet & Car-Dependent,2716.258581930291,0.7517061421116017,27.0,0.3,0.5116259487186278,40.61326484427672,-73.99326536066333
BK1103,Gravesend (West),Brooklyn,32,175,6,6.716000000000001,0.0,0.0,4.0,2.0,1625.0,71935.5,59307,39.2,0.2,0.8628318584070797,0.8608094768015795,0.10416666666666667,0.0,0.49478414097557705,0,Safe & Quiet & Car-Dependent,2731.893510915268,0.7531112003211561,12.0,0.13333333333333333,0.5109461661244619,40.59929249269996,-73.98573290077816
BK0505,East New York-City Line,Brooklyn,24,275,11,72.293,0.0,0.0,2.0,2.0,1533.5,53581.0,49066,35.0,0.1,0.8982300884955752,0.7620927936821323,0.20833333333333331,0.0,0.4948520268952002,0,Safe & Quiet & Car-Dependent,2704.4255432123314,0.7898434363709353,6.0,0.06666666666666667,0.5104016793282463,40.67054058069211,-73.86609820400926
MN0201,SoHo-Little Italy-Hudson Square,Manhattan,33,337,10,2.578,20.0,843.0,9.0,6.0,2788.5,145240.5,21940,38.7,0.5,0.8584070796460177,0.700888450148075,0.18749999999999997,0.3571428571428571,0.5516540192416411,1,Quiet & Green,3678.16,0.28602970694500196,47.0,0.5222222222222223,0.5096270782994989,40.72353576847582,-74.00171890878607
BK1201,Sunset Park (East)-Borough Park (West),Brooklyn,42,108,5,2.9799999999999995,2.0,2.0,2.0,1.0,1531.0,55960.0,30570,36.0,0.1,0.8185840707964602,0.9269496544916092,0.08333333333333333,0.03571428571428571,0.5083261521418359,0,Safe & Quiet & Car-Dependent,2718.4806320986418,0.7908470493777598,8.0,0.08888888888888889,0.508623336360403,40.64082694358581,-73.99938751820106
BK1301,Gravesend (South),Brooklyn,8,98,2,3.459,0.0,0.0,2.0,2.0,1699.0,57667.0,28552,46.1,0.2,0.9690265486725663,0.9368213228035538,0.020833333333333332,0.0,0.5274697006758744,0,Safe & Quiet & Car-Dependent,2642.3614880952377,0.7234042553191489,6.0,0.06666666666666667,0.5084944414090494,40.58797803032973,-73.97795995035234
MN0902,Manhattanville-West Harlem,Manhattan,53,179,5,29.601999999999997,12.0,36.0,2.0,2.0,1539.5,44033.5,23402,34.2,0.2,0.7699115044247787,0.8568608094768015,0.08333333333333333,0.21428571428571427,0.5197742141873304,0,Safe & Quiet & Car-Dependent,3286.079657876309,0.7874347651545563,18.0,0.2,0.5083753303212066,40.81802267842085,-73.95382231887429
BX0902,Soundview-Clason Point,Bronx,22,295,12,100.03399999999999,0.0,0.0,0.0,0.0,1360.0,52423.0,32889,34.2,0.1,0.9070796460176991,0.7423494570582428,0.22916666666666666,0.0,0.49530808195523096,0,Safe & Quiet & Car-Dependent,2537.6938374471924,0.8594941790445604,0.0,0.0,0.5082236770260167,40.816106306032395,-73.85910392339746
BX1003,Pelham Bay-Country Club-City Island,Bronx,26,91,5,239.90599999999998,0.0,0.0,3.0,1.0,1875.5,90116.0,27616,41.2,0.2,0.8893805309734513,0.9437314906219151,0.08333333333333333,0.0,0.522131246596604,0,Safe & Quiet & Car-Dependent,2582.3673301203594,0.6525491770373344,9.0,0.1,0.5067584667343094,40.84559096100371,-73.81153796700724
MN0901,Morningside Heights,Manhattan,16,188,7,35.274,11.0,91.0,3.0,2.0,2266.5,72877.0,37772,29.2,0.3,0.9336283185840708,0.8479763079960514,0.12499999999999999,0.19642857142857142,0.561907114901976,0,Safe & Quiet & Car-Dependent,3351.2621500442283,0.4955841027699719,20.0,0.22222222222222224,0.5065843894086487,40.809458543431425,-73.96176436840794
SI0105,Westerleigh-Castleton Corners,Staten Island,25,116,9,210.50500000000002,0.0,0.0,0.0,0.0,1775.0,121953.0,32585,40.5,0.2,0.8938053097345133,0.9190523198420533,0.16666666666666666,0.0,0.5325003567195776,0,Safe & Quiet & Car-Dependent,2577.243760200064,0.692894419911682,0.0,0.0,0.5053439624375498,40.617000444081775,-74.12879650731615
QN0102,Old Astoria-Hallets Point,Queens,17,66,5,11.31199754,11.0,66.0,0.0,0.0,2196.5,102239.5,12995,36.8,0.3,0.9292035398230089,0.9684106614017769,0.08333333333333333,0.19642857142857142,0.5885978929000949,0,Safe & Quiet & Car-Dependent,2466.0683333333336,0.5236852669610598,11.0,0.12222222222222223,0.5049153282762471,40.77208817325818,-73.93141912300875
SI0107,Mariner's Harbor-Arlington-Graniteville,Staten Island,8,227,10,232.64199999999997,0.0,0.0,0.0,0.0,1705.0,87837.0,28527,37.9,0.2,0.9690265486725663,0.8094768015794669,0.18749999999999997,0.0,0.5225996776419817,0,Safe & Quiet & Car-Dependent,2590.1407410531137,0.72099558410277,0.0,0.0,0.5037840127239602,40.63133225849626,-74.16736694344212
BK1702,East Flatbush-Farragut,Brooklyn,15,135,3,6.789,3.0,50.0,1.0,1.0,1632.0,70060.0,33686,43.0,0.2,0.9380530973451328,0.9002961500493584,0.04166666666666667,0.05357142857142857,0.5263283098272811,0,Safe & Quiet & Car-Dependent,2752.576799891517,0.7503010839020473,6.0,0.06666666666666667,0.5037098731182899,40.63914623452008,-73.93763687227994
BK1502,Madison,Brooklyn,20,119,4,2.613,0.0,0.0,2.0,2.0,1714.0,81711.0,40723,40.5,0.3,0.915929203539823,0.9160908193484699,0.0625,0.0,0.5163095466894967,0,Safe & Quiet & Car-Dependent,2669.5971801327228,0.7173825772782015,6.0,0.06666666666666667,0.5030562901522284,40.60491359589758,-73.94813559402222
QN1304,Cambria Heights,Queens,1,69,3,8.581,0.0,0.0,0.0,0.0,1827.0,115347.0,14793,46.2,0.2,1.0,0.9654491609081934,0.04166666666666667,0.0,0.5479680816057912,0,Safe & Quiet & Car-Dependent,2301.0,0.672019269369731,0.0,0.0,0.5027850391385956,40.69434196630028,-73.7355529673867
QN0303,North Corona,Queens,32,216,6,238.942,15.0,133.0,1.0,1.0,1867.0,75453.0,42364,32.5,0.1,0.8628318584070797,0.8203356367226061,0.10416666666666667,0.26785714285714285,0.5496062746661708,0,Safe & Quiet & Car-Dependent,2618.6341353383455,0.6559614612605379,18.0,0.2,0.5021361271146617,40.75405265095446,-73.86285167575109
QN1204,Springfield Gardens (North)-Rochdale Village,Queens,6,159,4,27.285,0.0,0.0,0.0,0.0,1547.5,72246.0,32926,40.8,0.2,0.9778761061946902,0.876604146100691,0.0625,0.0,0.5199502703788799,0,Safe & Quiet & Car-Dependent,2476.0383773742988,0.7842232035327178,0.0,0.0,0.5008790917871039,40.673330588849254,-73.77205282253388
QN0504,Middle Village,Queens,8,78,6,56.134,0.0,0.0,0.0,0.0,1977.0,97750.0,35556,45.2,0.2,0.9690265486725663,0.9565646594274433,0.10416666666666667,0.0,0.5500593683297079,0,Safe & Quiet & Car-Dependent,2310.149675890093,0.6118024889602569,0.0,0.0,0.5005977105124714,40.71922221483197,-73.87812707747038
BX0302,Claremont Village-Claremont (East),Bronx,94,215,10,5.861999999999999,12.0,98.0,0.0,0.0,1152.5,34426.0,23929,32.3,0.1,0.588495575221239,0.8213228035538006,0.18749999999999997,0.21428571428571427,0.4845921634428784,0,Safe & Quiet & Car-Dependent,2868.6598819163296,0.9427940586109995,12.0,0.13333333333333333,0.5004976624466424,40.83757663994545,-73.90353535940237
BK0901,Crown Heights (South),Brooklyn,67,323,4,3.094,20.0,65.0,6.0,5.0,1699.0,74115.0,52591,33.8,0.2,0.7079646017699115,0.7147087857847976,0.0625,0.3571428571428571,0.4931895004636314,1,Quiet & Green,2803.1413095238095,0.7234042553191489,38.0,0.4222222222222222,0.5004440883780008,40.66674596222122,-73.94600981489323
BK1303,Brighton Beach,Brooklyn,25,130,3,4.9270000000000005,0.0,0.0,2.0,2.0,1579.0,48542.5,30279,49.8,0.3,0.8938053097345133,0.9052319842053307,0.04166666666666667,0.0,0.5033542560285609,0,Safe & Quiet & Car-Dependent,2541.531682395494,0.7715776796467282,6.0,0.06666666666666667,0.5000226442243944,40.57907556496879,-73.9606939363897
QN0301,Jackson Heights,Queens,84,595,14,13.577,44.0,243.0,2.0,1.0,1792.5,74039.5,93394,42.0,0.2,0.6327433628318584,0.4461994076999014,0.2708333333333333,0.7857142857142857,0.5426409011131731,1,Quiet & Green,2539.955,0.68586912886391,50.0,0.5555555555555556,0.4994519332221882,40.75551879261543,-73.886344795089
QN1104,Oakland Gardens-Hollis Hills,Queens,4,42,6,180.588,0.0,0.0,0.0,0.0,2179.0,105348.0,26895,42.8,0.3,0.9867256637168141,0.9921026653504442,0.10416666666666667,0.0,0.5651455488676702,0,Safe & Quiet & Car-Dependent,2323.6371875,0.5307105580088317,0.0,0.0,0.49943812288078243,40.73930601204642,-73.75457787899656
BK0501,Cypress Hills,Brooklyn,24,220,4,3.487,0.0,0.0,5.0,3.0,1733.0,62257.0,42300,35.7,0.1,0.8982300884955752,0.8163869693978283,0.0625,0.0,0.4819736129432423,0,Safe & Quiet & Car-Dependent,2739.1780020181013,0.7097551184263348,15.0,0.16666666666666669,0.4987914836273426,40.682534535096615,-73.88205982424891
QN1305,Laurelton,Queens,3,94,3,4.973999999999999,0.0,0.0,0.0,0.0,1778.0,106454.5,24476,41.6,0.2,0.9911504424778761,0.9407699901283317,0.04166666666666667,0.0,0.5383519409913018,0,Safe & Quiet & Car-Dependent,2315.0188636363637,0.6916900843034925,0.0,0.0,0.4987133234531078,40.67591333413384,-73.74450474825248
MN0102,Tribeca-Civic Center,Manhattan,13,288,9,15.385000000000002,24.0,729.0,9.0,9.0,3501.0,190769.0,23777,36.2,0.4,0.9469026548672567,0.7492596248766041,0.16666666666666666,0.42857142857142855,0.6019797416559859,1,Quiet & Green,3569.39,0.0,51.0,0.5666666666666667,0.4982795953489591,40.71730633414629,-74.00723308720909
QN1003,Howard Beach-Lindenwood,Queens,8,102,7,64.052,0.0,0.0,0.0,0.0,2009.5,87394.0,30374,47.2,0.2,0.9690265486725663,0.932872655478776,0.12499999999999999,0.0,0.5471184338117744,0,Safe & Quiet & Car-Dependent,2349.824459669792,0.5987555198715375,0.0,0.0,0.4982200909471232,40.66003651765844,-73.84404269681744
QN0801,Kew Gardens Hills,Queens,8,96,5,7.3149999999999995,0.0,0.0,0.0,0.0,1875.0,86598.0,36124,37.2,0.3,0.9690265486725663,0.9387956564659428,0.08333333333333333,0.0,0.5405620007745912,0,Safe & Quiet & Car-Dependent,2327.933128342246,0.6527498996386992,0.0,0.0,0.498038974796041,40.726645005437234,-73.81979282486623
SI0101,St. George-New Brighton,Staten Island,22,276,11,27.269000000000005,0.0,0.0,1.0,1.0,1644.5,73819.0,19140,36.7,0.2,0.9070796460176991,0.7611056268509379,0.20833333333333331,0.0,0.49676826622637277,0,Safe & Quiet & Car-Dependent,2631.2178655493176,0.7452830188679245,3.0,0.03333333333333333,0.49776002702058086,40.6421856982253,-74.08553312926058
BK1701,East Flatbush-Erasmus,Brooklyn,31,263,2,0.72,16.0,166.0,2.0,1.0,1633.0,75370.0,45277,35.6,0.2,0.8672566371681416,0.773938795656466,0.020833333333333332,0.2857142857142857,0.5245910360842132,0,Safe & Quiet & Car-Dependent,2798.593543724696,0.7498996386993175,22.0,0.24444444444444446,0.4974271199840301,40.648551277380015,-73.95013838892888
QN0901,Kew Gardens,Queens,20,79,3,1.565,0.0,0.0,2.0,2.0,1873.0,100190.0,24023,40.3,0.3,0.915929203539823,0.9555774925962488,0.04166666666666667,0.0,0.5239888819971636,0,Safe & Quiet & Car-Dependent,2331.2865384615384,0.6535527900441589,6.0,0.06666666666666667,0.49737722351496666,40.70803358086922,-73.82875585724541
QN1205,St. Albans,Queens,13,223,8,75.148,0.0,0.0,0.0,0.0,1611.0,96354.0,48930,41.3,0.2,0.9469026548672567,0.8134254689042448,0.14583333333333331,0.0,0.5099199710547543,0,Safe & Quiet & Car-Dependent,2435.0606357469937,0.7587314331593737,0.0,0.0,0.4967474626756128,40.69323896542468,-73.7622214992301
BK1703,East Flatbush-Rugby,Brooklyn,14,249,3,4.747,12.0,160.0,0.0,0.0,1601.0,73156.5,39525,42.2,0.2,0.9424778761061947,0.7877591312931885,0.04166666666666667,0.21428571428571427,0.5338519703192671,0,Safe & Quiet & Car-Dependent,2900.6617114902638,0.762745885186672,12.0,0.13333333333333333,0.496281576028284,40.65154690942025,-73.92975282798547
QN0904,Ozone Park (North),Queens,13,104,5,5.561,0.0,0.0,0.0,0.0,1810.5,84017.5,27419,37.9,0.2,0.9469026548672567,0.930898321816387,0.08333333333333333,0.0,0.5326618269283969,0,Safe & Quiet & Car-Dependent,2352.1367595676634,0.6786431152147732,0.0,0.0,0.49620324262459403,40.684562967064316,-73.84936725461918
QN0803,Fresh Meadows-Utopia,Queens,13,65,7,58.163,0.0,0.0,0.0,0.0,2114.0,88801.5,17724,40.8,0.3,0.9469026548672567,0.9693978282329714,0.12499999999999999,0.0,0.5525450121867056,0,Safe & Quiet & Car-Dependent,2314.187911184211,0.5568044961862705,0.0,0.0,0.4959806745153005,40.7349256748793,-73.78624448798526
BX1103,Pelham Gardens,Bronx,9,137,4,6.065,0.0,0.0,2.0,1.0,1915.0,96726.0,29211,43.8,0.2,0.9646017699115044,0.8983218163869694,0.0625,0.0,0.5231469873939669,0,Safe & Quiet & Car-Dependent,2575.023690268902,0.6366920915295062,6.0,0.06666666666666667,0.4958045985852966,40.864246595040605,-73.8466925155351
BX0903,Castle Hill-Unionport,Bronx,35,249,9,7.078,0.0,0.0,1.0,1.0,1449.0,56208.0,38499,36.6,0.1,0.8495575221238938,0.7877591312931885,0.16666666666666666,0.0,0.4820504532522633,0,Safe & Quiet & Car-Dependent,2575.1860127974446,0.8237655560016057,3.0,0.03333333333333333,0.49545886293370994,40.82453166691883,-73.84869116180369
MN1201,Washington Heights (South),Manhattan,91,442,11,13.316999999999998,21.0,57.0,5.0,4.0,1512.0,56754.0,81293,36.8,0.2,0.6017699115044248,0.5972359328726555,0.20833333333333331,0.375,0.46502992440456953,1,Quiet & Green,3352.977269736842,0.7984745082296266,36.0,0.4,0.49539833220389135,40.8409030329503,-73.94153592625341
QN0601,Rego Park,Queens,11,96,5,5.689,0.0,0.0,1.0,1.0,2002.0,88134.5,30635,43.2,0.3,0.9557522123893806,0.9387956564659428,0.08333333333333333,0.0,0.5372434167037947,0,Safe & Quiet & Car-Dependent,2329.542326369283,0.6017663588920112,3.0,0.03333333333333333,0.49533539648639763,40.72623647270695,-73.86341982229942
QN0704,Murray Hill-Broadway Flushing,Queens,29,111,8,22.477000000000004,0.0,0.0,0.0,0.0,1831.0,72061.0,50136,45.0,0.2,0.8761061946902655,0.9239881539980257,0.14583333333333331,0.0,0.5253896615386408,0,Safe & Quiet & Car-Dependent,2483.568094838057,0.6704134885588117,0.0,0.0,0.4950801988743019,40.76887101999594,-73.81076947372833
BK0802,Crown Heights (North),Brooklyn,81,515,11,82.356,39.0,165.0,1.0,1.0,1640.5,65450.0,86360,34.0,0.2,0.6460176991150443,0.525172754195459,0.20833333333333331,0.6964285714285714,0.5348300605612083,1,Quiet & Green,2793.709640522876,0.7468887996788438,42.0,0.4666666666666667,0.49443784504886884,40.673863852754785,-73.94189634817995
QN0705,East Flushing,Queens,14,78,3,3.862,0.0,0.0,0.0,0.0,1762.0,57446.0,30278,47.2,0.2,0.9424778761061947,0.9565646594274433,0.04166666666666667,0.0,0.530922200188115,0,Safe & Quiet & Car-Dependent,2317.2,0.6981132075471698,0.0,0.0,0.49439055723856135,40.75380324819656,-73.8080654907777
QN1401,Far Rockaway-Bayswater,Queens,55,348,16,85.119,0.0,0.0,3.0,1.0,1659.0,61229.0,64945,36.6,0.1,0.7610619469026549,0.6900296150049359,0.3125,0.0,0.4597743712271445,0,Safe & Quiet & Car-Dependent,2434.8762975728446,0.739462063428342,9.0,0.1,0.4935919752578151,40.601698032839195,-73.75655268719576
QN1206,Hollis,Queens,14,110,3,4.864999999999999,0.0,0.0,0.0,0.0,1679.5,82373.0,22934,42.0,0.2,0.9424778761061947,0.9249753208292202,0.04166666666666667,0.0,0.521445398608648,0,Safe & Quiet & Car-Dependent,2396.3777597991993,0.7312324367723805,0.0,0.0,0.4924087871307339,40.71186479469823,-73.76211292183692
MN0202,Greenwich Village,Manhattan,38,327,11,13.117999999999999,19.0,665.0,6.0,4.0,2719.0,172687.0,31968,35.4,0.4,0.836283185840708,0.7107601184600197,0.20833333333333331,0.33928571428571425,0.5487869272362782,1,Quiet & Green,3661.605,0.313930148534725,37.0,0.41111111111111115,0.4923488329038516,40.73068156582567,-73.99568307675533
MN0101,Financial District-Battery Park City,Manhattan,64,411,9,4.618,34.0,817.0,14.0,6.0,3501.0,199576.0,48693,32.1,0.4,0.7212389380530974,0.6278381046396841,0.16666666666666666,0.6071428571428571,0.5537802135242272,1,Quiet & Green,3225.475,0.0,76.0,0.8444444444444444,0.49205850298139914,40.70808014393077,-74.010224249433
BK0602,Park Slope,Brooklyn,41,237,5,19.994,26.0,654.0,6.0,4.0,2818.0,189548.5,59225,36.6,0.4,0.8230088495575221,0.7996051332675223,0.08333333333333333,0.46428571428571425,0.5783718476077324,1,Quiet & Green,2913.09,0.274187073464472,44.0,0.48888888888888893,0.49190500548110194,40.67183145784187,-73.97975949454583
MN0903,Hamilton Heights-Sugar Hill,Manhattan,100,330,14,53.778,18.0,39.0,4.0,4.0,1855.0,62782.0,53354,36.4,0.2,0.5619469026548672,0.7077986179664364,0.2708333333333333,0.3214285714285714,0.48735012057745725,1,Quiet & Green,3429.826666666667,0.6607788036932958,30.0,0.33333333333333337,0.4916079589844865,40.82701992651571,-73.94846499041948
BK1002,Dyker Heights,Brooklyn,10,146,5,11.139999999999999,0.0,0.0,0.0,0.0,1779.0,78235.0,42005,41.3,0.2,0.9601769911504425,0.8894373149062191,0.08333333333333333,0.0,0.5235421089261431,0,Safe & Quiet & Car-Dependent,2698.844640540562,0.6912886391007627,0.0,0.0,0.49136803021822895,40.6239632792196,-74.01084498975753
QN0703,Bay Terrace-Clearview,Queens,4,34,7,176.01000000000002,0.0,0.0,0.0,0.0,2433.0,112790.0,23518,48.3,0.2,0.9867256637168141,1.0,0.12499999999999999,0.0,0.5716814159292035,0,Safe & Quiet & Car-Dependent,2320.4121875,0.42874347651545563,0.0,0.0,0.49067214094634487,40.78186101792749,-73.78757873957571
QN0503,Glendale,Queens,17,130,5,2.3379999999999996,4.0,48.0,0.0,0.0,1929.0,99611.0,36580,37.6,0.2,0.9292035398230089,0.9052319842053307,0.08333333333333333,0.07142857142857142,0.538394289741161,0,Safe & Quiet & Car-Dependent,2464.3740920706864,0.6310718586912886,4.0,0.044444444444444446,0.49001289694145206,40.70353709093539,-73.87574476631717
QN0706,Queensboro Hill,Queens,10,57,2,101.349,0.0,0.0,0.0,0.0,1885.0,58386.0,20395,40.4,0.2,0.9601769911504425,0.9772951628825272,0.020833333333333332,0.0,0.5373994633190354,0,Safe & Quiet & Car-Dependent,2343.6016611842106,0.648735447611401,0.0,0.0,0.4899387780496124,40.74310092081315,-73.81968393016587
BK1403,Midwood,Brooklyn,37,131,3,2.565,0.0,0.0,3.0,1.0,1710.0,68234.0,50894,35.1,0.3,0.8407079646017699,0.9042448173741362,0.04166666666666667,0.0,0.48978376969601667,0,Safe & Quiet & Car-Dependent,2730.062518365643,0.7189883580891208,9.0,0.1,0.48969288049732995,40.620369290880255,-73.95559294973002
QN1302,Bellerose,Queens,3,82,5,81.726,0.0,0.0,0.0,0.0,2135.0,102362.0,27529,46.4,0.2,0.9911504424778761,0.9526159921026653,0.08333333333333333,0.0,0.5502390749169354,0,Safe & Quiet & Car-Dependent,2308.8852022058827,0.5483741469289442,0.0,0.0,0.48940538661461236,40.73549232115083,-73.72669154952163
BX0503,Fordham Heights,Bronx,23,295,2,0.9710000000000001,8.0,43.0,3.0,2.0,1566.0,46927.0,33606,30.5,0.1,0.9026548672566372,0.7423494570582428,0.020833333333333332,0.14285714285714285,0.4882495063125845,0,Safe & Quiet & Car-Dependent,2600.5927111281735,0.776796467282216,17.0,0.18888888888888888,0.48866144897356273,40.85873312919388,-73.89912813964312
BX1104,Allerton,Bronx,16,289,5,210.122,0.0,0.0,1.0,1.0,1367.0,44785.0,35581,37.0,0.1,0.9336283185840708,0.7482724580454096,0.08333333333333333,0.0,0.47455548372630724,0,Safe & Quiet & Car-Dependent,2551.264606796575,0.8566840626254516,3.0,0.03333333333333333,0.48767564750894066,40.864014617533584,-73.86420374733764
QN0804,Jamaica Estates-Holliswood,Queens,10,93,3,2.171,0.0,0.0,0.0,0.0,1881.5,94728.0,24798,46.4,0.3,0.9601769911504425,0.9417571569595261,0.04166666666666667,0.0,0.5309047282088017,0,Safe & Quiet & Car-Dependent,2349.217391304348,0.6501405058209554,0.0,0.0,0.487122842144652,40.720732045905216,-73.7776100947681
SI0102,Tompkinsville-Stapleton-Clifton-Fox Hills,Staten Island,12,231,6,14.207,0.0,0.0,2.0,1.0,1853.5,51632.5,13779,40.0,0.2,0.9513274336283186,0.805528134254689,0.10416666666666667,0.0,0.5003236320168197,0,Safe & Quiet & Car-Dependent,2624.17340029554,0.6613809714973906,6.0,0.06666666666666667,0.48628727331373756,40.62610424328154,-74.07883600891763
QN1307,Rosedale,Queens,1,104,4,173.585,0.0,0.0,0.0,0.0,2067.5,102867.5,26385,43.0,0.2,1.0,0.930898321816387,0.0625,0.0,0.541769496544916,0,Safe & Quiet & Car-Dependent,2385.8479147637922,0.5754716981132075,0.0,0.0,0.4854933855165863,40.65905013649418,-73.73565947842475
QN0905,Woodhaven,Queens,36,127,3,1.413,0.0,0.0,3.0,2.0,1809.0,81034.0,40592,39.4,0.2,0.8451327433628318,0.9081934846989141,0.04166666666666667,0.0,0.4920745645837155,0,Safe & Quiet & Car-Dependent,2397.109713473446,0.6792452830188679,9.0,0.1,0.48539658622523435,40.69147537008392,-73.85741210478409
QN0802,Pomonok-Electchester-Hillcrest,Queens,19,151,5,7.651,0.0,0.0,0.0,0.0,1747.5,84245.0,37139,42.6,0.3,0.9203539823008849,0.8845014807502468,0.08333333333333333,0.0,0.512105606466962,0,Safe & Quiet & Car-Dependent,2641.5492920697075,0.7039341629867523,0.0,0.0,0.48501083369389314,40.72706731100334,-73.8034217585255
BK1802,Marine Park-Mill Basin-Bergen Beach,Brooklyn,11,210,8,13.587000000000002,0.0,0.0,0.0,0.0,1893.0,92394.0,41985,41.7,0.2,0.9557522123893806,0.8262586377097729,0.14583333333333331,0.0,0.5159823110769437,0,Safe & Quiet & Car-Dependent,2661.5531006636093,0.6455238859895623,0.0,0.0,0.4841825480913396,40.61497542292913,-73.91853676165674
QN0903,South Richmond Hill,Queens,8,91,2,4.56,0.0,0.0,0.0,0.0,1894.0,81628.0,23216,36.9,0.1,0.9690265486725663,0.9437314906219151,0.020833333333333332,0.0,0.5295427510213827,0,Safe & Quiet & Car-Dependent,2372.3263636363636,0.6451224407868326,0.0,0.0,0.4836057394825748,40.6913285619879,-73.82486691536343
BX0401,Concourse-Concourse Village,Bronx,66,603,11,41.818000000000005,26.0,179.0,3.0,2.0,1417.5,34410.5,68692,36.6,0.1,0.7123893805309734,0.43830207305034563,0.20833333333333331,0.46428571428571425,0.4673260622859423,1,Quiet & Green,2588.1183733790995,0.8364110798875953,35.0,0.3888888888888889,0.48359042877201275,40.826747701283665,-73.92172417551734
BK0801,Prospect Heights,Brooklyn,20,72,4,3.194,13.0,114.0,1.0,1.0,2624.0,159118.5,23921,36.0,0.4,0.915929203539823,0.9624876604146101,0.0625,0.23214285714285712,0.588264313295053,0,Safe & Quiet & Car-Dependent,2740.4947975708496,0.35206744279405866,16.0,0.17777777777777778,0.4829107694586023,40.67760453127363,-73.96757228975571
BK0703,Sunset Park (Central),Brooklyn,64,184,3,24.96,16.0,112.0,1.0,1.0,1683.0,61643.0,45084,36.0,0.1,0.7212389380530974,0.8519249753208292,0.04166666666666667,0.2857142857142857,0.5156491318714279,0,Safe & Quiet & Car-Dependent,2807.1617524251806,0.7298273785628261,19.0,0.2111111111111111,0.48274838798234165,40.64238979865066,-74.00787958170727
QN1303,Queens Village,Queens,18,259,9,6.699999999999999,0.0,0.0,0.0,0.0,1728.0,100809.0,53807,43.9,0.2,0.9247787610619469,0.7778874629812439,0.16666666666666666,0.0,0.49789426249319324,0,Safe & Quiet & Car-Dependent,2461.1407495582434,0.7117623444399839,0.0,0.0,0.482693103846355,40.716082878967796,-73.74175469904267
QN0401,Elmhurst,Queens,107,755,21,16.528,35.0,456.0,6.0,3.0,1886.0,69556.0,104486,36.6,0.2,0.5309734513274336,0.2882527147087859,0.4166666666666667,0.625,0.4588025105778275,1,Quiet & Green,2501.115,0.6483340024086712,53.0,0.5888888888888889,0.48162980772506053,40.73939955607331,-73.87911138041682
BX0701,University Heights (North)-Fordham,Bronx,98,369,14,33.177,17.0,79.0,1.0,1.0,1502.0,39524.0,44997,33.5,0.1,0.5707964601769911,0.6692991115498519,0.2708333333333333,0.30357142857142855,0.4735483723187272,1,Quiet & Green,3289.816666666667,0.8024889602569248,20.0,0.22222222222222224,0.4815430669669201,40.86457104302389,-73.90475294968876
QN0702,Whitestone-Beechhurst,Queens,16,83,6,29.255000000000003,0.0,0.0,0.0,0.0,2185.0,98269.0,29815,48.8,0.2,0.9336283185840708,0.9516288252714709,0.10416666666666667,0.0,0.5397290605607924,0,Safe & Quiet & Car-Dependent,2325.1867647058825,0.5283018867924528,0.0,0.0,0.48061505525705756,40.78837927904312,-73.81088947926929
QN1301,Glen Oaks-Floral Park-New Hyde Park,Queens,6,59,4,7.517,0.0,0.0,0.0,0.0,2253.5,112677.0,24109,46.1,0.3,0.9778761061946902,0.9753208292201382,0.0625,0.0,0.549565275314714,0,Safe & Quiet & Car-Dependent,2304.7,0.5008028904054596,0.0,0.0,0.48008371510429354,40.74595130911468,-73.71096174356
QN0805,Jamaica Hills-Briarwood,Queens,20,125,6,19.81685643,0.0,0.0,0.0,0.0,1990.5,79050.0,39202,38.6,0.3,0.915929203539823,0.9101678183613031,0.10416666666666667,0.0,0.52286597972668,0,Safe & Quiet & Car-Dependent,2399.7532934607893,0.6063829787234042,0.0,0.0,0.48001995681849885,40.711886790622216,-73.80885617164482
BX0904,Parkchester,Bronx,28,150,4,3.747,0.0,0.0,0.0,0.0,1645.0,60286.0,30221,36.6,0.2,0.8805309734513275,0.8854886475814413,0.0625,0.0,0.49827933763726423,0,Safe & Quiet & Car-Dependent,2623.5727056465425,0.7450822962665595,0.0,0.0,0.47944042212913995,40.83774646256335,-73.85798885655639
BK1801,Flatlands,Brooklyn,19,325,11,774.578,0.0,0.0,0.0,0.0,1702.0,83620.0,65309,41.8,0.2,0.9203539823008849,0.7127344521224087,0.20833333333333331,0.0,0.48557549787861054,0,Safe & Quiet & Car-Dependent,2725.928743473595,0.7221999197109594,0.0,0.0,0.4787119509043998,40.62627487159713,-73.93009715023325
QN1306,Springfield Gardens (South)-Brookville,Queens,10,135,7,499.18699999999995,0.0,0.0,0.0,0.0,2194.0,105708.0,24041,35.9,0.1,0.9601769911504425,0.9002961500493584,0.12499999999999999,0.0,0.5351330928024182,0,Safe & Quiet & Car-Dependent,2451.1951535141125,0.5246888799678844,0.0,0.0,0.47835034341312116,40.66016666768696,-73.76148075232273
BK1102,Bath Beach,Brooklyn,16,151,3,21.398,0.0,0.0,0.0,0.0,1747.0,84076.0,32533,41.5,0.2,0.9336283185840708,0.8845014807502468,0.04166666666666667,0.0,0.507090857204425,0,Safe & Quiet & Car-Dependent,2693.351553837427,0.7041348855881172,0.0,0.0,0.47784698928173797,40.60426029759239,-74.0074827045978
QN1102,Bayside,Queens,15,109,11,404.161,0.0,0.0,0.0,0.0,2561.5,100151.0,33785,45.0,0.3,0.9380530973451328,0.9259624876604147,0.20833333333333331,0.0,0.5539686873010742,0,Safe & Quiet & Car-Dependent,2587.365344581097,0.3771577679646727,0.0,0.0,0.4770516366687827,40.76176178787688,-73.76759761817745
BK1704,East Flatbush-Remsen Village,Brooklyn,35,255,7,3.8059999999999996,0.0,0.0,0.0,0.0,1493.0,51335.0,38460,42.1,0.2,0.8495575221238938,0.7818361303060217,0.12499999999999999,0.0,0.47194021962278,0,Safe & Quiet & Car-Dependent,2718.3774670533194,0.8061019670814934,0.0,0.0,0.47458959771184966,40.656216218491025,-73.91916943685953
QN0701,College Point,Queens,20,163,8,69.34800000000001,0.0,0.0,0.0,0.0,2103.0,85750.0,31598,40.5,0.1,0.915929203539823,0.8726554787759131,0.14583333333333331,0.0,0.5199456111843963,0,Safe & Quiet & Car-Dependent,2461.462305369403,0.5612203934162986,0.0,0.0,0.47457618764698045,40.78260006847289,-73.83988934240027
BX1101,Pelham Parkway-Van Nest,Bronx,32,166,3,1.861,0.0,0.0,1.0,1.0,1677.0,72198.0,29915,32.8,0.2,0.8628318584070797,0.8696939782823297,0.04166666666666667,0.0,0.4849494914198022,0,Safe & Quiet & Car-Dependent,2553.7267432229114,0.7322360497792051,3.0,0.03333333333333333,0.47339448386893435,40.84789730185081,-73.86496702386886
BK1503,Sheepshead Bay-Manhattan Beach-Gerritsen Beach,Brooklyn,57,261,10,54.470000000000006,0.0,0.0,2.0,2.0,1684.0,78321.5,66402,45.8,0.3,0.752212389380531,0.7759131293188549,0.18749999999999997,0.0,0.4583270361407892,0,Safe & Quiet & Car-Dependent,2675.952001998168,0.7294259333600963,6.0,0.06666666666666667,0.4733046752093248,40.588298520163754,-73.94150420525406
QN1101,Auburndale,Queens,15,92,3,5.859999999999999,0.0,0.0,0.0,0.0,2052.5,84923.0,34162,45.0,0.2,0.9380530973451328,0.9427443237907206,0.04166666666666667,0.0,0.5256699048068326,0,Safe & Quiet & Car-Dependent,2340.1080406549972,0.5814933761541549,0.0,0.0,0.473060648512539,40.755256915409845,-73.78600458030095
MN1202,Washington Heights (North),Manhattan,118,400,9,260.364,22.0,139.0,6.0,2.0,1692.5,72532.5,80504,39.8,0.2,0.4823008849557522,0.6386969397828233,0.16666666666666666,0.39285714285714285,0.443731922221404,1,Quiet & Green,3185.105,0.7260136491368928,40.0,0.4444444444444445,0.4723406445259016,40.85647374590407,-73.9334518489202
QN0902,Richmond Hill,Queens,19,215,1,0.005,0.0,0.0,3.0,2.0,1797.0,76250.0,35569,39.6,0.2,0.9203539823008849,0.8213228035538006,0.0,0.0,0.4764853366413614,0,Safe & Quiet & Car-Dependent,2428.970847158907,0.6840626254516258,9.0,0.1,0.47096412741373933,40.697476613049155,-73.83276769338852
MN0802,Upper East Side-Carnegie Hill,Manhattan,14,338,2,5.409000000000001,17.0,392.0,7.0,4.0,2699.5,198702.0,53138,52.6,0.3,0.9424778761061947,0.6999012833168805,0.020833333333333332,0.30357142857142855,0.5256493778311366,0,Safe & Quiet & Car-Dependent,3395.215,0.3217583299879565,38.0,0.4222222222222222,0.4695686050825778,40.774729852506695,-73.96117409484607
QN0103,Astoria (Central),Queens,72,180,2,1.215,19.0,117.0,3.0,1.0,2104.0,111923.0,46503,36.1,0.4,0.6858407079646018,0.8558736426456071,0.020833333333333332,0.33928571428571425,0.5172103650229278,0,Safe & Quiet & Car-Dependent,2527.2833333333333,0.5608189482135688,28.0,0.3111111111111111,0.4691024821588083,40.764284106609225,-73.92305685616101
QN1001,South Ozone Park,Queens,50,341,11,16.704,0.0,0.0,4.0,1.0,1900.5,95702.5,81406,41.2,0.1,0.7831858407079646,0.6969397828232972,0.20833333333333331,0.0,0.44654506169064695,0,Safe & Quiet & Car-Dependent,2615.354204899374,0.6425130469690887,12.0,0.13333333333333333,0.4679271605939223,40.67619915761595,-73.8195195900572
BX0901,Soundview-Bruckner-Bronx River,Bronx,60,426,12,12.076999999999998,0.0,0.0,3.0,1.0,1436.0,36598.0,67145,32.1,0.1,0.7389380530973452,0.6130306021717671,0.22916666666666666,0.0,0.4144770272591997,0,Safe & Quiet & Car-Dependent,2484.9585802883007,0.8289843436370935,9.0,0.1,0.46693156691420834,40.82961493043893,-73.87321765240965
BX1202,Eastchester-Edenwald-Baychester,Bronx,12,321,4,50.192,0.0,0.0,2.0,1.0,1749.0,82451.0,53378,38.4,0.2,0.9513274336283186,0.7166831194471865,0.0625,0.0,0.4653367942412356,0,Safe & Quiet & Car-Dependent,2546.950685663955,0.7033319951826575,6.0,0.06666666666666667,0.46345069027554364,40.88154187504194,-73.83656916892869
MN0701,Upper West Side-Lincoln Square,Manhattan,34,258,10,9.023000000000001,14.0,256.0,4.0,3.0,2984.0,167637.5,57748,44.0,0.4,0.8539823008849557,0.7788746298124384,0.18749999999999997,0.25,0.5471579641649704,0,Safe & Quiet & Car-Dependent,3577.915,0.2075471698113207,26.0,0.2888888888888889,0.46288186374528206,40.77484763784723,-73.9846944962747
MN0803,Upper East Side-Yorkville,Manhattan,38,190,6,30.185,14.0,375.0,1.0,1.0,2496.0,136290.0,77645,41.3,0.3,0.836283185840708,0.8460019743336624,0.10416666666666667,0.25,0.546204722093609,0,Safe & Quiet & Car-Dependent,3577.785,0.4034524287434764,17.0,0.18888888888888888,0.4626831610051435,40.77732362967935,-73.94868375812155
BX1102,Morris Park,Bronx,46,153,2,111.091,0.0,0.0,1.0,1.0,1681.0,81846.0,22059,40.2,0.2,0.8008849557522124,0.8825271470878578,0.020833333333333332,0.0,0.4691460497310771,0,Safe & Quiet & Car-Dependent,2545.7582232547875,0.7306302689682858,3.0,0.03333333333333333,0.46003480473996977,40.851792597049375,-73.8516871911903
BX1201,Williamsbridge-Olinville,Bronx,39,407,6,6.246,0.0,0.0,4.0,1.0,1558.5,60608.0,59256,35.0,0.1,0.831858407079646,0.631786771964462,0.10416666666666667,0.0,0.41833396669258344,0,Safe & Quiet & Car-Dependent,2574.791805516697,0.7798073063026897,12.0,0.13333333333333333,0.45899036571858803,40.88101667041009,-73.86072430707746
QN0602,Forest Hills,Queens,66,265,12,12.678999999999998,0.0,0.0,3.0,3.0,2083.0,107485.5,91709,45.8,0.3,0.7123893805309734,0.771964461994077,0.22916666666666666,0.0,0.4555200170642998,0,Safe & Quiet & Car-Dependent,2407.924438264844,0.5692492974708951,9.0,0.1,0.45815799808823976,40.721454730737776,-73.84767770032329
BX1002,Throgs Neck-Schuylerville,Bronx,51,240,9,13.308,0.0,0.0,0.0,0.0,1838.0,80640.0,49064,39.4,0.2,0.7787610619469026,0.7966436327739388,0.16666666666666666,0.0,0.4670166886522406,0,Safe & Quiet & Car-Dependent,2597.036157637538,0.6676033721397029,0.0,0.0,0.4539124295149977,40.82552758342792,-73.82060404543364
MN0601,Stuyvesant Town-Peter Cooper Village,Manhattan,1,70,1,1.275,6.0,74.0,0.0,0.0,2722.0,172803.5,21575,40.1,0.4,1.0,0.9644619940769991,0.0,0.10714285714285714,0.566124312508814,0,Safe & Quiet & Car-Dependent,2491.4054385964914,0.31272581292653556,6.0,0.06666666666666667,0.4537571773025868,40.7318140851177,-73.97658199888879
MN0603,Murray Hill-Kips Bay,Manhattan,32,313,11,11.338999999999999,23.0,288.0,1.0,1.0,3076.0,143183.0,55247,34.1,0.4,0.8628318584070797,0.7245804540967423,0.20833333333333331,0.4107142857142857,0.5774273389260307,1,Quiet & Green,3487.41,0.1706142111601765,26.0,0.2888888888888889,0.4517817883108064,40.74424956164561,-73.97594775714717
BK1803,Canarsie,Brooklyn,43,358,10,25.093,0.0,0.0,1.0,1.0,1765.0,89191.0,87430,39.4,0.2,0.8141592920353983,0.6801579466929911,0.18749999999999997,0.0,0.44508720701674687,0,Safe & Quiet & Car-Dependent,2712.244509202913,0.6969088719389803,3.0,0.03333333333333333,0.45117808496301015,40.63935305864475,-73.90146151052123
MN0702,Upper West Side (Central),Manhattan,75,298,9,280.384,21.0,501.0,3.0,2.0,2580.5,152513.5,101672,42.7,0.4,0.6725663716814159,0.7393879565646595,0.16666666666666666,0.375,0.5170413132230851,1,Quiet & Green,3418.805,0.36953030911280615,30.0,0.33333333333333337,0.4508235103804676,40.78770331056162,-73.97593398091338
MN0604,East Midtown-Turtle Bay,Manhattan,42,248,7,4.025,18.0,105.0,3.0,3.0,2939.5,163422.5,40734,42.2,0.4,0.8185840707964602,0.788746298124383,0.12499999999999999,0.3214285714285714,0.5466270499935728,0,Safe & Quiet & Car-Dependent,2665.3624397323083,0.2254114813327981,27.0,0.3,0.4494310405306468,40.75613346141593,-73.9685030198135
QN1203,Baisley Park,Queens,14,369,8,118.81099999999999,0.0,0.0,0.0,0.0,1885.0,84835.0,44443,38.5,0.1,0.9424778761061947,0.6692991115498519,0.14583333333333331,0.0,0.46557586915817095,0,Safe & Quiet & Car-Dependent,2536.8530586968354,0.648735447611401,0.0,0.0,0.44774380604845937,40.67953318672506,-73.78990897193601
BX1203,Wakefield-Woodlawn,Bronx,47,287,2,1.2240000000000002,0.0,0.0,3.0,2.0,1643.5,75751.5,48403,40.2,0.2,0.7964601769911505,0.7502467917077986,0.020833333333333332,0.0,0.4283557484267938,0,Safe & Quiet & Car-Dependent,2527.1232862728434,0.7456844640706544,9.0,0.1,0.44706146231138755,40.897973199873746,-73.85396637754506
BK0202,Downtown Brooklyn-DUMBO-Boerum Hill,Brooklyn,109,530,21,40.27599999999999,31.0,1160.0,9.0,8.0,3461.0,148542.0,39872,33.9,0.4,0.5221238938053098,0.5103652517275419,0.4166666666666667,0.5535714285714285,0.5053667394457805,1,Quiet & Green,2907.285,0.016057808109193106,58.0,0.6444444444444445,0.44628243859250505,40.69490000994833,-73.98583046389649
MN0402,Hell's Kitchen,Manhattan,40,534,9,9.136,20.0,201.0,1.0,1.0,2063.5,106107.0,54411,36.4,0.4,0.8274336283185841,0.5064165844027642,0.16666666666666666,0.3571428571428571,0.4814024300195229,1,Quiet & Green,3605.4733333333334,0.5770774789241269,23.0,0.2555555555555556,0.4414668790601279,40.76416895276355,-73.99239988080032
QN1202,South Jamaica,Queens,89,210,10,18.472,0.0,0.0,0.0,0.0,1748.0,77320.0,43798,35.5,0.1,0.6106194690265487,0.8262586377097729,0.18749999999999997,0.0,0.438032458569569,0,Safe & Quiet & Car-Dependent,2511.415312558203,0.7037334403853873,0.0,0.0,0.4403734207787369,40.69430646869901,-73.79172978902619
MN0401,Chelsea-Hudson Yards,Manhattan,80,530,8,15.451,41.0,648.0,7.0,6.0,3093.0,109740.0,62046,36.7,0.4,0.6504424778761062,0.5103652517275419,0.14583333333333331,0.7321428571428571,0.5279225759396701,1,Quiet & Green,3478.29,0.1637896427137695,62.0,0.6888888888888889,0.43902567002704596,40.74938310358531,-74.00114923657164
MN0801,Upper East Side-Lenox Hill-Roosevelt Island,Manhattan,72,212,8,12.269,16.0,207.0,2.0,2.0,2796.5,140566.5,80352,36.8,0.4,0.6858407079646018,0.8242843040473841,0.14583333333333331,0.2857142857142857,0.5193407063006038,0,Safe & Quiet & Car-Dependent,3599.703333333333,0.2828181453231633,22.0,0.24444444444444446,0.43453604056697176,40.764966600392896,-73.95508675400065
QN0707,Flushing-Willets Point,Queens,35,461,8,8.273000000000001,0.0,0.0,1.0,1.0,1633.0,53040.0,59370,47.5,0.2,0.8495575221238938,0.5784797630799605,0.14583333333333331,0.0,0.4150999761216283,0,Safe & Quiet & Car-Dependent,2437.4788404020146,0.7498996386993175,3.0,0.03333333333333333,0.43354584766478993,40.76021312358903,-73.83158365157792
BK1401,Flatbush,Brooklyn,81,379,2,0.433,12.0,146.0,1.0,1.0,1657.0,76870.0,70800,35.4,0.2,0.6460176991150443,0.6594274432379073,0.020833333333333332,0.21428571428571427,0.41707075298822843,0,Safe & Quiet & Car-Dependent,2943.8653205128207,0.7402649538338016,15.0,0.16666666666666669,0.41385529976145113,40.640666881732656,-73.95638920866479
MN0602,Gramercy,Manhattan,21,242,3,5.452,10.0,84.0,1.0,1.0,2953.5,159645.0,26083,33.2,0.4,0.911504424778761,0.7946692991115498,0.04166666666666667,0.17857142857142855,0.5192530864043456,0,Safe & Quiet & Car-Dependent,3328.77459077885,0.21979124849458054,13.0,0.14444444444444446,0.4132278406500161,40.7368245738367,-73.98405359762388
MN0502,Midtown-Times Square,Manhattan,51,1047,4,10.514,42.0,630.0,16.0,11.0,2989.0,171875.0,21271,45.0,0.3,0.7787610619469026,0.0,0.0625,0.75,0.3946902654867257,1,Quiet & Green,3512.11,0.2055399437976715,90.0,1.0,0.4053829827200932,40.75780129395902,-73.98160920675764
QN1201,Jamaica,Queens,24,828,9,18.983,0.0,0.0,6.0,2.0,1720.0,64750.0,58368,35.8,0.2,0.8982300884955752,0.2161895360315894,0.16666666666666666,0.0,0.32274771626670395,0,Safe & Quiet & Car-Dependent,2446.2768033751263,0.7149739060618225,18.0,0.2,0.39882253309875987,40.70402089296863,-73.79558190152397
BK0503,East New York-New Lots,Brooklyn,227,513,21,17.112,0.0,0.0,4.0,2.0,1456.5,57703.0,53067,36.5,0.1,1.1102230246251565e-16,0.5271470878578479,0.4166666666666667,0.0,0.24147745969068773,1,Quiet & Green,2977.037894736842,0.820754716981132,12.0,0.13333333333333333,0.36425223354256303,40.65972775174469,-73.88804493516064
MN0501,Midtown South-Flatiron-Union Square,Manhattan,52,794,4,13.157,22.0,564.0,12.0,8.0,3280.0,176944.0,24617,33.5,0.4,0.7743362831858407,0.2497532082922015,0.0625,0.39285714285714285,0.3792243189984063,1,Quiet & Green,3633.265,0.08871938980329186,58.0,0.6444444444444445,0.3637869230460072,40.74404182187578,-73.98975146553573
