nta_code,nta_name,centroid_lat,centroid_lon
BK0101,Greenpoint,40.72949961875473,-73.94951662764281
BK0102,Williamsburg,40.71491433568764,-73.95862095293559
BK0103,South Williamsburg,40.703241980755315,-73.95665885781327
BK0104,East Williamsburg,40.71329975935244,-73.93648763829707
BK0201,Brooklyn Heights,40.69546550215166,-73.99483016824645
BK0202,Downtown Brooklyn-DUMBO-Boerum Hill,40.69490000994833,-73.98583046389649
BK0203,Fort Greene,40.69116938910556,-73.97436137362689
BK0204,Clinton Hill,40.6889986379508,-73.96446222319265
BK0301,Bedford-Stuyvesant (West),40.688956894289454,-73.95100175939116
BK0302,Bedford-Stuyvesant (East),40.68662136129166,-73.93179230147457
BK0401,Bushwick (West),40.700996033986435,-73.92527060338631
BK0402,Bushwick (East),40.69124488953674,-73.91296594157207
BK0501,Cypress Hills,40.682534535096615,-73.88205982424891
BK0502,East New York (North),40.67248467474861,-73.88948369050763
BK0503,East New York-New Lots,40.65972775174469,-73.88804493516064
BK0504,Spring Creek-Starrett City,40.65100686708654,-73.87639160605441
BK0505,East New York-City Line,40.67054058069211,-73.86609820400926
BK0601,Carroll Gardens-Cobble Hill-Gowanus-Red Hook,40.67812206558148,-74.00006521439433
BK0602,Park Slope,40.67183145784187,-73.97975949454583
BK0701,Windsor Terrace-South Slope,40.656044567885395,-73.98002503454912
BK0702,Sunset Park (West),40.65347082402641,-74.01011361017838
BK0703,Sunset Park (Central),40.64238979865066,-74.00787958170727
BK0801,Prospect Heights,40.67760453127363,-73.96757228975571
BK0802,Crown Heights (North),40.673863852754785,-73.94189634817995
BK0901,Crown Heights (South),40.66674596222122,-73.94600981489323
BK0902,Prospect Lefferts Gardens-Wingate,40.65975724490009,-73.94796185705357
BK1001,Bay Ridge,40.62667181272046,-74.02992714312909
BK1002,Dyker Heights,40.6239632792196,-74.01084498975753
BK1101,Bensonhurst,40.61326484427672,-73.99326536066333
BK1102,Bath Beach,40.60426029759239,-74.0074827045978
BK1103,Gravesend (West),40.59929249269996,-73.98573290077816
BK1201,Sunset Park (East)-Borough Park (West),40.64082694358581,-73.99938751820106
BK1202,Borough Park,40.632935654742475,-73.98954496743104
BK1203,Kensington,40.64113578244935,-73.97605165802162
BK1204,Mapleton-Midwood (West),40.61931855387499,-73.97331839118633
BK1301,Gravesend (South),40.58797803032973,-73.97795995035234
BK1302,Coney Island-Sea Gate,40.576965246962516,-73.98796588377168
BK1303,Brighton Beach,40.57907556496879,-73.9606939363897
BK1401,Flatbush,40.640666881732656,-73.95638920866479
BK1402,Flatbush (West)-Ditmas Park-Parkville,40.636526757953966,-73.96618978185829
BK1403,Midwood,40.620369290880255,-73.95559294973002
BK1501,Gravesend (East)-Homecrest,40.599082155854944,-73.96586908535282
BK1502,Madison,40.60491359589758,-73.94813559402222
BK1503,Sheepshead Bay-Manhattan Beach-Gerritsen Beach,40.588298520163754,-73.94150420525406
BK1601,Ocean Hill,40.676637410870775,-73.91364735052042
BK1602,Brownsville,40.664046935415385,-73.9095222949274
BK1701,East Flatbush-Erasmus,40.648551277380015,-73.95013838892888
BK1702,East Flatbush-Farragut,40.63914623452008,-73.93763687227994
BK1703,East Flatbush-Rugby,40.65154690942025,-73.92975282798547
BK1704,East Flatbush-Remsen Village,40.656216218491025,-73.91916943685953
BK1801,Flatlands,40.62627487159713,-73.93009715023325
BK1802,Marine Park-Mill Basin-Bergen Beach,40.61497542292913,-73.91853676165674
BK1803,Canarsie,40.63935305864475,-73.90146151052123
BX0101,Mott Haven-Port Morris,40.80752466070044,-73.91724293973239
BX0102,Melrose,40.81825954589293,-73.91285012508268
BX0201,Hunts Point,40.81086033383841,-73.88497729186926
BX0202,Longwood,40.82096805520048,-73.89655962600538
BX0301,Morrisania,40.82729462006743,-73.90474179455428
BX0302,Claremont Village-Claremont (East),40.83757663994545,-73.90353535940237
BX0303,Crotona Park East,40.83213871686745,-73.88869728021236
BX0401,Concourse-Concourse Village,40.826747701283665,-73.92172417551734
BX0402,Highbridge,40.836858087298026,-73.92776239886054
BX0403,Mount Eden-Claremont (West),40.84047982657988,-73.91442828762287
BX0501,University Heights (South)-Morris Heights,40.85185212560472,-73.9161233013283
BX0502,Mount Hope,40.8498652287622,-73.90441684722194
BX0503,Fordham Heights,40.85873312919388,-73.89912813964312
BX0601,West Farms,40.84125956675343,-73.8786281692341
BX0602,Tremont,40.8469229769057,-73.89175591249236
BX0603,Belmont,40.85760708654211,-73.8870526458385
BX0701,University Heights (North)-Fordham,40.86457104302389,-73.90475294968876
BX0702,Bedford Park,40.87356296045696,-73.89079069500542
BX0703,Norwood,40.87714089407225,-73.87901910099414
BX0801,Kingsbridge Heights-Van Cortlandt Village,40.87768020020863,-73.89908200466478
BX0802,Kingsbridge-Marble Hill,40.88083988334912,-73.90572965381807
BX0803,Riverdale-Spuyten Duyvil,40.895717416844576,-73.90878510033072
BX0901,Soundview-Bruckner-Bronx River,40.82961493043893,-73.87321765240965
BX0902,Soundview-Clason Point,40.816106306032395,-73.85910392339746
BX0903,Castle Hill-Unionport,40.82453166691883,-73.84869116180369
BX0904,Parkchester,40.83774646256335,-73.85798885655639
BX1001,Westchester Square,40.83768604581781,-73.84593962954594
BX1002,Throgs Neck-Schuylerville,40.82552758342792,-73.82060404543364
BX1003,Pelham Bay-Country Club-City Island,40.84559096100371,-73.81153796700724
BX1004,Co-op City,40.87231285516714,-73.82627288485313
BX1101,Pelham Parkway-Van Nest,40.84789730185081,-73.86496702386886
BX1102,Morris Park,40.851792597049375,-73.8516871911903
BX1103,Pelham Gardens,40.864246595040605,-73.8466925155351
BX1104,Allerton,40.864014617533584,-73.86420374733764
BX1201,Williamsbridge-Olinville,40.88101667041009,-73.86072430707746
BX1202,Eastchester-Edenwald-Baychester,40.88154187504194,-73.83656916892869
BX1203,Wakefield-Woodlawn,40.897973199873746,-73.85396637754506
MN0101,Financial District-Battery Park City,40.70808014393077,-74.010224249433
MN0102,Tribeca-Civic Center,40.71730633414629,-74.00723308720909
MN0201,SoHo-Little Italy-Hudson Square,40.72353576847582,-74.00171890878607
MN0202,Greenwich Village,40.73068156582567,-73.99568307675533
MN0203,West Village,40.734809606348094,-74.00589267481935
MN0301,Chinatown-Two Bridges,40.71285842591675,-73.99366352071253
MN0302,Lower East Side,40.71695622042081,-73.9838372958163
MN0303,East Village,40.725959077867394,-73.98208993940335
MN0401,Chelsea-Hudson Yards,40.74938310358531,-74.00114923657164
MN0402,Hell's Kitchen,40.76416895276355,-73.99239988080032
MN0501,Midtown South-Flatiron-Union Square,40.74404182187578,-73.98975146553573
MN0502,Midtown-Times Square,40.75780129395902,-73.98160920675764
MN0601,Stuyvesant Town-Peter Cooper Village,40.7318140851177,-73.97658199888879
MN0602,Gramercy,40.7368245738367,-73.98405359762388
MN0603,Murray Hill-Kips Bay,40.74424956164561,-73.97594775714717
MN0604,East Midtown-Turtle Bay,40.75613346141593,-73.9685030198135
MN0701,Upper West Side-Lincoln Square,40.77484763784723,-73.9846944962747
MN0702,Upper West Side (Central),40.78770331056162,-73.97593398091338
MN0703,Upper West Side-Manhattan Valley,40.79924670412151,-73.96730625605137
MN0801,Upper East Side-Lenox Hill-Roosevelt Island,40.764966600392896,-73.95508675400065
MN0802,Upper East Side-Carnegie Hill,40.774729852506695,-73.96117409484607
MN0803,Upper East Side-Yorkville,40.77732362967935,-73.94868375812155
MN0901,Morningside Heights,40.809458543431425,-73.96176436840794
MN0902,Manhattanville-West Harlem,40.81802267842085,-73.95382231887429
MN0903,Hamilton Heights-Sugar Hill,40.82701992651571,-73.94846499041948
MN1001,Harlem (South),40.80433187234827,-73.9513003999754
MN1002,Harlem (North),40.81892736671252,-73.94090769460834
MN1101,East Harlem (South),40.79000988428943,-73.94575044826631
MN1102,East Harlem (North),40.80161252216069,-73.9374377253633
MN1201,Washington Heights (South),40.8409030329503,-73.94153592625341
MN1202,Washington Heights (North),40.85647374590407,-73.9334518489202
MN1203,Inwood,40.86604715035073,-73.9193240818796
QN0101,Astoria (North)-Ditmars-Steinway,40.777408649550694,-73.90525697315958
QN0102,Old Astoria-Hallets Point,40.77208817325818,-73.93141912300875
QN0103,Astoria (Central),40.764284106609225,-73.92305685616101
QN0104,Astoria (East)-Woodside (North),40.75955812859655,-73.91031297254318
QN0105,Queensbridge-Ravenswood-Dutch Kills,40.75831865148467,-73.93793239600956
QN0201,Long Island City-Hunters Point,40.74537957396462,-73.94890857669729
QN0202,Sunnyside,40.738417859354634,-73.92644449333002
QN0203,Woodside,40.743104529076206,-73.90141002214548
QN0301,Jackson Heights,40.75551879261543,-73.886344795089
QN0302,East Elmhurst,40.76407507142197,-73.87220301153103
QN0303,North Corona,40.75405265095446,-73.86285167575109
QN0401,Elmhurst,40.73939955607331,-73.87911138041682
QN0402,Corona,40.74324097664266,-73.85928416154198
QN0501,Maspeth,40.72306177256048,-73.90512129442645
QN0502,Ridgewood,40.70567300334716,-73.90368884676867
QN0503,Glendale,40.70353709093539,-73.87574476631717
QN0504,Middle Village,40.71922221483197,-73.87812707747038
QN0601,Rego Park,40.72623647270695,-73.86341982229942
QN0602,Forest Hills,40.721454730737776,-73.84767770032329
QN0701,College Point,40.78260006847289,-73.83988934240027
QN0702,Whitestone-Beechhurst,40.78837927904312,-73.81088947926929
QN0703,Bay Terrace-Clearview,40.78186101792749,-73.78757873957571
QN0704,Murray Hill-Broadway Flushing,40.76887101999594,-73.81076947372833
QN0705,East Flushing,40.75380324819656,-73.8080654907777
QN0706,Queensboro Hill,40.74310092081315,-73.81968393016587
QN0707,Flushing-Willets Point,40.76021312358903,-73.83158365157792
QN0801,Kew Gardens Hills,40.726645005437234,-73.81979282486623
QN0802,Pomonok-Electchester-Hillcrest,40.72706731100334,-73.8034217585255
QN0803,Fresh Meadows-Utopia,40.7349256748793,-73.78624448798526
QN0804,Jamaica Estates-Holliswood,40.720732045905216,-73.7776100947681
QN0805,Jamaica Hills-Briarwood,40.711886790622216,-73.80885617164482
QN0901,Kew Gardens,40.70803358086922,-73.82875585724541
QN0902,Richmond Hill,40.697476613049155,-73.83276769338852
QN0903,South Richmond Hill,40.6913285619879,-73.82486691536343
QN0904,Ozone Park (North),40.684562967064316,-73.84936725461918
QN0905,Woodhaven,40.69147537008392,-73.85741210478409
QN1001,South Ozone Park,40.67619915761595,-73.8195195900572
QN1002,Ozone Park,40.67557060336789,-73.84701411498177
QN1003,Howard Beach-Lindenwood,40.66003651765844,-73.84404269681744
QN1101,Auburndale,40.755256915409845,-73.78600458030095
QN1102,Bayside,40.76176178787688,-73.76759761817745
QN1103,Douglaston-Little Neck,40.76368908696052,-73.73688787066149
QN1104,Oakland Gardens-Hollis Hills,40.73930601204642,-73.75457787899656
QN1201,Jamaica,40.70402089296863,-73.79558190152397
QN1202,South Jamaica,40.69430646869901,-73.79172978902619
QN1203,Baisley Park,40.67953318672506,-73.78990897193601
QN1204,Springfield Gardens (North)-Rochdale Village,40.673330588849254,-73.77205282253388
QN1205,St. Albans,40.69323896542468,-73.7622214992301
QN1206,Hollis,40.71186479469823,-73.76211292183692
QN1301,Glen Oaks-Floral Park-New Hyde Park,40.74595130911468,-73.71096174356
QN1302,Bellerose,40.73549232115083,-73.72669154952163
QN1303,Queens Village,40.716082878967796,-73.74175469904267
QN1304,Cambria Heights,40.69434196630028,-73.7355529673867
QN1305,Laurelton,40.67591333413384,-73.74450474825248
QN1306,Springfield Gardens (South)-Brookville,40.66016666768696,-73.76148075232273
QN1307,Rosedale,40.65905013649418,-73.73565947842475
QN1401,Far Rockaway-Bayswater,40.601698032839195,-73.75655268719576
QN1402,Rockaway Beach-Arverne-Edgemere,40.59156761661383,-73.79630681851944
QN1403,Breezy Point-Belle Harbor-Rockaway Park-Broad Channel,40.578181526239256,-73.86054055142482
SI0101,St. George-New Brighton,40.6421856982253,-74.08553312926058
SI0102,Tompkinsville-Stapleton-Clifton-Fox Hills,40.62610424328154,-74.07883600891763
SI0103,Rosebank-Shore Acres-Park Hill,40.61168565055444,-74.07276912356546
SI0104,West New Brighton-Silver Lake-Grymes Hill,40.628066228186974,-74.10130485697299
SI0105,Westerleigh-Castleton Corners,40.617000444081775,-74.12879650731615
SI0106,Port Richmond,40.63383344064441,-74.13317719572152
SI0107,Mariner's Harbor-Arlington-Graniteville,40.63133225849626,-74.16736694344212
SI0201,Grasmere-Arrochar-South Beach-Dongan Hills,40.59353983509585,-74.08127336194507
SI0202,New Dorp-Midland Beach,40.57431455797717,-74.10158639641928
SI0203,Todt Hill-Emerson Hill-Lighthouse Hill-Manor Heights,40.58965440261836,-74.1282657492004
SI0204,New Springville-Willowbrook-Bulls Head-Travis,40.60372456645142,-74.17545373411166
SI0301,Oakwood-Richmondtown,40.56199832047086,-74.1225909011648
SI0302,Great Kills-Eltingville,40.55025395357899,-74.15497152906417
SI0303,Arden Heights-Rossville,40.552641565352076,-74.19690225854923
SI0304,Annadale-Huguenot-Prince's Bay-Woodrow,40.528391676985734,-74.19804140128441
SI0305,Tottenville-Charleston,40.52464910467712,-74.23548228200706
